checking for a BSD-compatible install... /Users/uicdbgroup/.nix-profile/bin/ginstall -c
checking whether sleep supports fractional seconds... yes
checking filesystem timestamp resolution... 2
checking whether build environment is sane... yes
checking for a race-free mkdir -p... /Users/uicdbgroup/.nix-profile/bin/gmkdir -p
checking for gawk... gawk
checking whether make sets $(MAKE)... yes
checking whether make supports nested variables... yes
checking xargs -n works... yes
checking for gcc... gcc
checking whether the C compiler works... yes
checking for C compiler default output file name... a.out
checking for suffix of executables... 
checking whether we are cross compiling... no
checking for suffix of object files... o
checking whether the compiler supports GNU C... yes
checking whether gcc accepts -g... yes
checking for gcc option to enable C11 features... none needed
checking whether gcc understands -c and -o together... yes
checking whether make supports the include directive... yes (GNU style)
checking dependency style of gcc... gcc3
checking for g++... g++
checking whether the compiler supports GNU C++... yes
checking whether g++ accepts -g... yes
checking for g++ option to enable C++11 features... none needed
checking dependency style of g++... gcc3
checking build system type... aarch64-apple-darwin23.6.0
checking host system type... aarch64-apple-darwin23.6.0
checking how to print strings... printf
checking for a sed that does not truncate output... /usr/bin/sed
checking for grep that handles long lines and -e... /usr/bin/grep
checking for egrep... /usr/bin/grep -E
checking for fgrep... /usr/bin/grep -F
checking for ld used by gcc... /nix/store/y11ha0dph8hg80ni4hbbhbjprhhlr0cg-gcc-wrapper-13.3.0/bin/ld
checking if the linker (/nix/store/y11ha0dph8hg80ni4hbbhbjprhhlr0cg-gcc-wrapper-13.3.0/bin/ld) is GNU ld... no
checking for BSD- or MS-compatible name lister (nm)... /Users/uicdbgroup/.nix-profile/bin/nm -B
checking the name lister (/Users/uicdbgroup/.nix-profile/bin/nm -B) interface... BSD nm
checking whether ln -s works... yes
checking the maximum length of command line arguments... 786432
checking how to convert aarch64-apple-darwin23.6.0 file names to aarch64-apple-darwin23.6.0 format... func_convert_file_noop
checking how to convert aarch64-apple-darwin23.6.0 file names to toolchain format... func_convert_file_noop
checking for /nix/store/y11ha0dph8hg80ni4hbbhbjprhhlr0cg-gcc-wrapper-13.3.0/bin/ld option to reload object files... -r
checking for file... file
checking for objdump... objdump
checking how to recognize dependent libraries... pass_all
checking for dlltool... no
checking how to associate runtime and link libraries... printf %s\n
checking for ar... ar
checking for archiver @FILE support... @
checking for strip... strip
checking for ranlib... ranlib
checking command to parse /Users/uicdbgroup/.nix-profile/bin/nm -B output from gcc object... ok
checking for sysroot... no
checking for a working dd... /bin/dd
checking how to truncate binary pipes... /bin/dd bs=4096 count=1
checking for mt... no
checking if : is a manifest tool... no
checking for dsymutil... dsymutil
checking for nmedit... nmedit
checking for lipo... lipo
checking for otool... otool
checking for otool64... no
checking for -single_module linker flag... yes
checking for -exported_symbols_list linker flag... yes
checking for -force_load linker flag... yes
checking for stdio.h... yes
checking for stdlib.h... yes
checking for string.h... yes
checking for inttypes.h... yes
checking for stdint.h... yes
checking for strings.h... yes
checking for sys/stat.h... yes
checking for sys/types.h... yes
checking for unistd.h... yes
checking for dlfcn.h... yes
checking for objdir... .libs
checking if gcc supports -fno-rtti -fno-exceptions... no
checking for gcc option to produce PIC... -fno-common -DPIC
checking if gcc PIC flag -fno-common -DPIC works... yes
checking if gcc static flag -static works... no
checking if gcc supports -c -o file.o... yes
checking if gcc supports -c -o file.o... (cached) yes
checking whether the gcc linker (/nix/store/y11ha0dph8hg80ni4hbbhbjprhhlr0cg-gcc-wrapper-13.3.0/bin/ld) supports shared libraries... yes
checking dynamic linker characteristics... darwin23.6.0 dyld
checking how to hardcode library paths into programs... immediate
checking whether stripping libraries is possible... yes
checking if libtool supports shared libraries... yes
checking whether to build shared libraries... yes
checking whether to build static libraries... yes
checking how to run the C++ preprocessor... g++ -E
checking for ld used by g++... /nix/store/y11ha0dph8hg80ni4hbbhbjprhhlr0cg-gcc-wrapper-13.3.0/bin/ld
checking if the linker (/nix/store/y11ha0dph8hg80ni4hbbhbjprhhlr0cg-gcc-wrapper-13.3.0/bin/ld) is GNU ld... no
checking whether the g++ linker (/nix/store/y11ha0dph8hg80ni4hbbhbjprhhlr0cg-gcc-wrapper-13.3.0/bin/ld) supports shared libraries... yes
checking for g++ option to produce PIC... -fno-common -DPIC
checking if g++ PIC flag -fno-common -DPIC works... yes
checking if g++ static flag -static works... no
checking if g++ supports -c -o file.o... yes
checking if g++ supports -c -o file.o... (cached) yes
checking whether the g++ linker (/nix/store/y11ha0dph8hg80ni4hbbhbjprhhlr0cg-gcc-wrapper-13.3.0/bin/ld) supports shared libraries... yes
checking dynamic linker characteristics... darwin23.6.0 dyld
checking how to hardcode library paths into programs... immediate
checking that generated files are newer than configure... done
configure: creating ./config.status
config.status: creating Makefile
config.status: executing depfiles commands
config.status: executing libtool commands
rm -f  libtraceprov.la libtraceprov_infer.la
rm -f ./so_locations
rm -rf .libs _libs
rm -f *.o
rm -f *.lo
/bin/sh ./libtool  --tag=CC   --mode=compile gcc -DPACKAGE_NAME=\"traceprov\" -DPACKAGE_TARNAME=\"traceprov\" -DPACKAGE_VERSION=\"1.0\" -DPACKAGE_STRING=\"traceprov\ 1.0\" -DPACKAGE_BUGREPORT=\"\" -DPACKAGE_URL=\"\" -DPACKAGE=\"traceprov\" -DVERSION=\"1.0\" -DHAVE_STDIO_H=1 -DHAVE_STDLIB_H=1 -DHAVE_STRING_H=1 -DHAVE_INTTYPES_H=1 -DHAVE_STDINT_H=1 -DHAVE_STRINGS_H=1 -DHAVE_SYS_STAT_H=1 -DHAVE_SYS_TYPES_H=1 -DHAVE_UNISTD_H=1 -DSTDC_HEADERS=1 -DHAVE_DLFCN_H=1 -DLT_OBJDIR=\".libs/\" -I.  -I/Users/uicdbgroup/.nix-profile/include/server -DTRACEPROV_PAGE_SIZE_RAW=16384 -UPACKAGE_NAME -UPACKAGE_VERSION -UPACKAGE_STRING -UPACKAGE_BUGREPORT -UPACKAGE_URL -UPACKAGE_TARNAME -UPACKAGE_URL -I/opt/homebrew/opt/openssl@3/include/ -I/Users/uicdbgroup/.nix-profile/include/server -DTRACEPROV_PAGE_SIZE_RAW=16384 -UPACKAGE_NAME -UPACKAGE_VERSION -UPACKAGE_STRING -UPACKAGE_BUGREPORT -UPACKAGE_URL -UPACKAGE_TARNAME -UPACKAGE_URL -Wall -g -O3 -MT traceprov.lo -MD -MP -MF .deps/traceprov.Tpo -c -o traceprov.lo traceprov.c
libtool: compile:  gcc -DPACKAGE_NAME=\"traceprov\" -DPACKAGE_TARNAME=\"traceprov\" -DPACKAGE_VERSION=\"1.0\" "-DPACKAGE_STRING=\"traceprov 1.0\"" -DPACKAGE_BUGREPORT=\"\" -DPACKAGE_URL=\"\" -DPACKAGE=\"traceprov\" -DVERSION=\"1.0\" -DHAVE_STDIO_H=1 -DHAVE_STDLIB_H=1 -DHAVE_STRING_H=1 -DHAVE_INTTYPES_H=1 -DHAVE_STDINT_H=1 -DHAVE_STRINGS_H=1 -DHAVE_SYS_STAT_H=1 -DHAVE_SYS_TYPES_H=1 -DHAVE_UNISTD_H=1 -DSTDC_HEADERS=1 -DHAVE_DLFCN_H=1 -DLT_OBJDIR=\".libs/\" -I. -I/Users/uicdbgroup/.nix-profile/include/server -DTRACEPROV_PAGE_SIZE_RAW=16384 -UPACKAGE_NAME -UPACKAGE_VERSION -UPACKAGE_STRING -UPACKAGE_BUGREPORT -UPACKAGE_URL -UPACKAGE_TARNAME -UPACKAGE_URL -I/opt/homebrew/opt/openssl@3/include/ -I/Users/uicdbgroup/.nix-profile/include/server -DTRACEPROV_PAGE_SIZE_RAW=16384 -UPACKAGE_NAME -UPACKAGE_VERSION -UPACKAGE_STRING -UPACKAGE_BUGREPORT -UPACKAGE_URL -UPACKAGE_TARNAME -UPACKAGE_URL -Wall -g -O3 -MT traceprov.lo -MD -MP -MF .deps/traceprov.Tpo -c traceprov.c  -fno-common -DPIC -o .libs/traceprov.o
libtool: compile:  gcc -DPACKAGE_NAME=\"traceprov\" -DPACKAGE_TARNAME=\"traceprov\" -DPACKAGE_VERSION=\"1.0\" "-DPACKAGE_STRING=\"traceprov 1.0\"" -DPACKAGE_BUGREPORT=\"\" -DPACKAGE_URL=\"\" -DPACKAGE=\"traceprov\" -DVERSION=\"1.0\" -DHAVE_STDIO_H=1 -DHAVE_STDLIB_H=1 -DHAVE_STRING_H=1 -DHAVE_INTTYPES_H=1 -DHAVE_STDINT_H=1 -DHAVE_STRINGS_H=1 -DHAVE_SYS_STAT_H=1 -DHAVE_SYS_TYPES_H=1 -DHAVE_UNISTD_H=1 -DSTDC_HEADERS=1 -DHAVE_DLFCN_H=1 -DLT_OBJDIR=\".libs/\" -I. -I/Users/uicdbgroup/.nix-profile/include/server -DTRACEPROV_PAGE_SIZE_RAW=16384 -UPACKAGE_NAME -UPACKAGE_VERSION -UPACKAGE_STRING -UPACKAGE_BUGREPORT -UPACKAGE_URL -UPACKAGE_TARNAME -UPACKAGE_URL -I/opt/homebrew/opt/openssl@3/include/ -I/Users/uicdbgroup/.nix-profile/include/server -DTRACEPROV_PAGE_SIZE_RAW=16384 -UPACKAGE_NAME -UPACKAGE_VERSION -UPACKAGE_STRING -UPACKAGE_BUGREPORT -UPACKAGE_URL -UPACKAGE_TARNAME -UPACKAGE_URL -Wall -g -O3 -MT traceprov.lo -MD -MP -MF .deps/traceprov.Tpo -c traceprov.c -o traceprov.o >/dev/null 2>&1
mv -f .deps/traceprov.Tpo .deps/traceprov.Plo
/bin/sh ./libtool  --tag=CC   --mode=compile gcc -DPACKAGE_NAME=\"traceprov\" -DPACKAGE_TARNAME=\"traceprov\" -DPACKAGE_VERSION=\"1.0\" -DPACKAGE_STRING=\"traceprov\ 1.0\" -DPACKAGE_BUGREPORT=\"\" -DPACKAGE_URL=\"\" -DPACKAGE=\"traceprov\" -DVERSION=\"1.0\" -DHAVE_STDIO_H=1 -DHAVE_STDLIB_H=1 -DHAVE_STRING_H=1 -DHAVE_INTTYPES_H=1 -DHAVE_STDINT_H=1 -DHAVE_STRINGS_H=1 -DHAVE_SYS_STAT_H=1 -DHAVE_SYS_TYPES_H=1 -DHAVE_UNISTD_H=1 -DSTDC_HEADERS=1 -DHAVE_DLFCN_H=1 -DLT_OBJDIR=\".libs/\" -I.  -I/Users/uicdbgroup/.nix-profile/include/server -DTRACEPROV_PAGE_SIZE_RAW=16384 -UPACKAGE_NAME -UPACKAGE_VERSION -UPACKAGE_STRING -UPACKAGE_BUGREPORT -UPACKAGE_URL -UPACKAGE_TARNAME -UPACKAGE_URL -I/opt/homebrew/opt/openssl@3/include/ -I/Users/uicdbgroup/.nix-profile/include/server -DTRACEPROV_PAGE_SIZE_RAW=16384 -UPACKAGE_NAME -UPACKAGE_VERSION -UPACKAGE_STRING -UPACKAGE_BUGREPORT -UPACKAGE_URL -UPACKAGE_TARNAME -UPACKAGE_URL -Wall -g -O3 -MT file_utils.lo -MD -MP -MF .deps/file_utils.Tpo -c -o file_utils.lo file_utils.c
libtool: compile:  gcc -DPACKAGE_NAME=\"traceprov\" -DPACKAGE_TARNAME=\"traceprov\" -DPACKAGE_VERSION=\"1.0\" "-DPACKAGE_STRING=\"traceprov 1.0\"" -DPACKAGE_BUGREPORT=\"\" -DPACKAGE_URL=\"\" -DPACKAGE=\"traceprov\" -DVERSION=\"1.0\" -DHAVE_STDIO_H=1 -DHAVE_STDLIB_H=1 -DHAVE_STRING_H=1 -DHAVE_INTTYPES_H=1 -DHAVE_STDINT_H=1 -DHAVE_STRINGS_H=1 -DHAVE_SYS_STAT_H=1 -DHAVE_SYS_TYPES_H=1 -DHAVE_UNISTD_H=1 -DSTDC_HEADERS=1 -DHAVE_DLFCN_H=1 -DLT_OBJDIR=\".libs/\" -I. -I/Users/uicdbgroup/.nix-profile/include/server -DTRACEPROV_PAGE_SIZE_RAW=16384 -UPACKAGE_NAME -UPACKAGE_VERSION -UPACKAGE_STRING -UPACKAGE_BUGREPORT -UPACKAGE_URL -UPACKAGE_TARNAME -UPACKAGE_URL -I/opt/homebrew/opt/openssl@3/include/ -I/Users/uicdbgroup/.nix-profile/include/server -DTRACEPROV_PAGE_SIZE_RAW=16384 -UPACKAGE_NAME -UPACKAGE_VERSION -UPACKAGE_STRING -UPACKAGE_BUGREPORT -UPACKAGE_URL -UPACKAGE_TARNAME -UPACKAGE_URL -Wall -g -O3 -MT file_utils.lo -MD -MP -MF .deps/file_utils.Tpo -c file_utils.c  -fno-common -DPIC -o .libs/file_utils.o
libtool: compile:  gcc -DPACKAGE_NAME=\"traceprov\" -DPACKAGE_TARNAME=\"traceprov\" -DPACKAGE_VERSION=\"1.0\" "-DPACKAGE_STRING=\"traceprov 1.0\"" -DPACKAGE_BUGREPORT=\"\" -DPACKAGE_URL=\"\" -DPACKAGE=\"traceprov\" -DVERSION=\"1.0\" -DHAVE_STDIO_H=1 -DHAVE_STDLIB_H=1 -DHAVE_STRING_H=1 -DHAVE_INTTYPES_H=1 -DHAVE_STDINT_H=1 -DHAVE_STRINGS_H=1 -DHAVE_SYS_STAT_H=1 -DHAVE_SYS_TYPES_H=1 -DHAVE_UNISTD_H=1 -DSTDC_HEADERS=1 -DHAVE_DLFCN_H=1 -DLT_OBJDIR=\".libs/\" -I. -I/Users/uicdbgroup/.nix-profile/include/server -DTRACEPROV_PAGE_SIZE_RAW=16384 -UPACKAGE_NAME -UPACKAGE_VERSION -UPACKAGE_STRING -UPACKAGE_BUGREPORT -UPACKAGE_URL -UPACKAGE_TARNAME -UPACKAGE_URL -I/opt/homebrew/opt/openssl@3/include/ -I/Users/uicdbgroup/.nix-profile/include/server -DTRACEPROV_PAGE_SIZE_RAW=16384 -UPACKAGE_NAME -UPACKAGE_VERSION -UPACKAGE_STRING -UPACKAGE_BUGREPORT -UPACKAGE_URL -UPACKAGE_TARNAME -UPACKAGE_URL -Wall -g -O3 -MT file_utils.lo -MD -MP -MF .deps/file_utils.Tpo -c file_utils.c -o file_utils.o >/dev/null 2>&1
mv -f .deps/file_utils.Tpo .deps/file_utils.Plo
/bin/sh ./libtool  --tag=CC   --mode=compile gcc -DPACKAGE_NAME=\"traceprov\" -DPACKAGE_TARNAME=\"traceprov\" -DPACKAGE_VERSION=\"1.0\" -DPACKAGE_STRING=\"traceprov\ 1.0\" -DPACKAGE_BUGREPORT=\"\" -DPACKAGE_URL=\"\" -DPACKAGE=\"traceprov\" -DVERSION=\"1.0\" -DHAVE_STDIO_H=1 -DHAVE_STDLIB_H=1 -DHAVE_STRING_H=1 -DHAVE_INTTYPES_H=1 -DHAVE_STDINT_H=1 -DHAVE_STRINGS_H=1 -DHAVE_SYS_STAT_H=1 -DHAVE_SYS_TYPES_H=1 -DHAVE_UNISTD_H=1 -DSTDC_HEADERS=1 -DHAVE_DLFCN_H=1 -DLT_OBJDIR=\".libs/\" -I.  -I/Users/uicdbgroup/.nix-profile/include/server -DTRACEPROV_PAGE_SIZE_RAW=16384 -UPACKAGE_NAME -UPACKAGE_VERSION -UPACKAGE_STRING -UPACKAGE_BUGREPORT -UPACKAGE_URL -UPACKAGE_TARNAME -UPACKAGE_URL -I/opt/homebrew/opt/openssl@3/include/ -I/Users/uicdbgroup/.nix-profile/include/server -DTRACEPROV_PAGE_SIZE_RAW=16384 -UPACKAGE_NAME -UPACKAGE_VERSION -UPACKAGE_STRING -UPACKAGE_BUGREPORT -UPACKAGE_URL -UPACKAGE_TARNAME -UPACKAGE_URL -Wall -g -O3 -MT utils.lo -MD -MP -MF .deps/utils.Tpo -c -o utils.lo utils.c
libtool: compile:  gcc -DPACKAGE_NAME=\"traceprov\" -DPACKAGE_TARNAME=\"traceprov\" -DPACKAGE_VERSION=\"1.0\" "-DPACKAGE_STRING=\"traceprov 1.0\"" -DPACKAGE_BUGREPORT=\"\" -DPACKAGE_URL=\"\" -DPACKAGE=\"traceprov\" -DVERSION=\"1.0\" -DHAVE_STDIO_H=1 -DHAVE_STDLIB_H=1 -DHAVE_STRING_H=1 -DHAVE_INTTYPES_H=1 -DHAVE_STDINT_H=1 -DHAVE_STRINGS_H=1 -DHAVE_SYS_STAT_H=1 -DHAVE_SYS_TYPES_H=1 -DHAVE_UNISTD_H=1 -DSTDC_HEADERS=1 -DHAVE_DLFCN_H=1 -DLT_OBJDIR=\".libs/\" -I. -I/Users/uicdbgroup/.nix-profile/include/server -DTRACEPROV_PAGE_SIZE_RAW=16384 -UPACKAGE_NAME -UPACKAGE_VERSION -UPACKAGE_STRING -UPACKAGE_BUGREPORT -UPACKAGE_URL -UPACKAGE_TARNAME -UPACKAGE_URL -I/opt/homebrew/opt/openssl@3/include/ -I/Users/uicdbgroup/.nix-profile/include/server -DTRACEPROV_PAGE_SIZE_RAW=16384 -UPACKAGE_NAME -UPACKAGE_VERSION -UPACKAGE_STRING -UPACKAGE_BUGREPORT -UPACKAGE_URL -UPACKAGE_TARNAME -UPACKAGE_URL -Wall -g -O3 -MT utils.lo -MD -MP -MF .deps/utils.Tpo -c utils.c  -fno-common -DPIC -o .libs/utils.o
libtool: compile:  gcc -DPACKAGE_NAME=\"traceprov\" -DPACKAGE_TARNAME=\"traceprov\" -DPACKAGE_VERSION=\"1.0\" "-DPACKAGE_STRING=\"traceprov 1.0\"" -DPACKAGE_BUGREPORT=\"\" -DPACKAGE_URL=\"\" -DPACKAGE=\"traceprov\" -DVERSION=\"1.0\" -DHAVE_STDIO_H=1 -DHAVE_STDLIB_H=1 -DHAVE_STRING_H=1 -DHAVE_INTTYPES_H=1 -DHAVE_STDINT_H=1 -DHAVE_STRINGS_H=1 -DHAVE_SYS_STAT_H=1 -DHAVE_SYS_TYPES_H=1 -DHAVE_UNISTD_H=1 -DSTDC_HEADERS=1 -DHAVE_DLFCN_H=1 -DLT_OBJDIR=\".libs/\" -I. -I/Users/uicdbgroup/.nix-profile/include/server -DTRACEPROV_PAGE_SIZE_RAW=16384 -UPACKAGE_NAME -UPACKAGE_VERSION -UPACKAGE_STRING -UPACKAGE_BUGREPORT -UPACKAGE_URL -UPACKAGE_TARNAME -UPACKAGE_URL -I/opt/homebrew/opt/openssl@3/include/ -I/Users/uicdbgroup/.nix-profile/include/server -DTRACEPROV_PAGE_SIZE_RAW=16384 -UPACKAGE_NAME -UPACKAGE_VERSION -UPACKAGE_STRING -UPACKAGE_BUGREPORT -UPACKAGE_URL -UPACKAGE_TARNAME -UPACKAGE_URL -Wall -g -O3 -MT utils.lo -MD -MP -MF .deps/utils.Tpo -c utils.c -o utils.o >/dev/null 2>&1
mv -f .deps/utils.Tpo .deps/utils.Plo
/bin/sh ./libtool  --tag=CC   --mode=link gcc -I/Users/uicdbgroup/.nix-profile/include/server -DTRACEPROV_PAGE_SIZE_RAW=16384 -UPACKAGE_NAME -UPACKAGE_VERSION -UPACKAGE_STRING -UPACKAGE_BUGREPORT -UPACKAGE_URL -UPACKAGE_TARNAME -UPACKAGE_URL -Wall -g -O3 -avoid-version -L/opt/homebrew/opt/openssl@3/lib/ -o libtraceprov.la -rpath /Users/uicdbgroup/vinny/git_experiments/traceprov/postgres/bld/lib traceprov.lo file_utils.lo utils.lo  
libtool: link: gcc -dynamiclib -Wl,-undefined -Wl,dynamic_lookup -o .libs/libtraceprov.dylib  .libs/traceprov.o .libs/file_utils.o .libs/utils.o   -L/opt/homebrew/opt/openssl@3/lib/  -g -O3   -install_name  /Users/uicdbgroup/vinny/git_experiments/traceprov/postgres/bld/lib/libtraceprov.dylib  -Wl,-single_module
libtool: link: ar cr .libs/libtraceprov.a  traceprov.o file_utils.o utils.o
libtool: link: ranlib .libs/libtraceprov.a
libtool: link: ( cd ".libs" && rm -f "libtraceprov.la" && ln -s "../libtraceprov.la" "libtraceprov.la" )
/bin/sh ./libtool  --tag=CXX   --mode=compile g++ -DPACKAGE_NAME=\"traceprov\" -DPACKAGE_TARNAME=\"traceprov\" -DPACKAGE_VERSION=\"1.0\" -DPACKAGE_STRING=\"traceprov\ 1.0\" -DPACKAGE_BUGREPORT=\"\" -DPACKAGE_URL=\"\" -DPACKAGE=\"traceprov\" -DVERSION=\"1.0\" -DHAVE_STDIO_H=1 -DHAVE_STDLIB_H=1 -DHAVE_STRING_H=1 -DHAVE_INTTYPES_H=1 -DHAVE_STDINT_H=1 -DHAVE_STRINGS_H=1 -DHAVE_SYS_STAT_H=1 -DHAVE_SYS_TYPES_H=1 -DHAVE_UNISTD_H=1 -DSTDC_HEADERS=1 -DHAVE_DLFCN_H=1 -DLT_OBJDIR=\".libs/\" -I.  -I/Users/uicdbgroup/.nix-profile/include/server -DTRACEPROV_PAGE_SIZE_RAW=16384 -UPACKAGE_NAME -UPACKAGE_VERSION -UPACKAGE_STRING -UPACKAGE_BUGREPORT -UPACKAGE_URL -UPACKAGE_TARNAME -UPACKAGE_URL -I/opt/homebrew/opt/openssl@3/include/  -Wall -g -O3 -std=c++11 -MT traceprov_return_infer.lo -MD -MP -MF .deps/traceprov_return_infer.Tpo -c -o traceprov_return_infer.lo traceprov_return_infer.cpp
libtool: compile:  g++ -DPACKAGE_NAME=\"traceprov\" -DPACKAGE_TARNAME=\"traceprov\" -DPACKAGE_VERSION=\"1.0\" "-DPACKAGE_STRING=\"traceprov 1.0\"" -DPACKAGE_BUGREPORT=\"\" -DPACKAGE_URL=\"\" -DPACKAGE=\"traceprov\" -DVERSION=\"1.0\" -DHAVE_STDIO_H=1 -DHAVE_STDLIB_H=1 -DHAVE_STRING_H=1 -DHAVE_INTTYPES_H=1 -DHAVE_STDINT_H=1 -DHAVE_STRINGS_H=1 -DHAVE_SYS_STAT_H=1 -DHAVE_SYS_TYPES_H=1 -DHAVE_UNISTD_H=1 -DSTDC_HEADERS=1 -DHAVE_DLFCN_H=1 -DLT_OBJDIR=\".libs/\" -I. -I/Users/uicdbgroup/.nix-profile/include/server -DTRACEPROV_PAGE_SIZE_RAW=16384 -UPACKAGE_NAME -UPACKAGE_VERSION -UPACKAGE_STRING -UPACKAGE_BUGREPORT -UPACKAGE_URL -UPACKAGE_TARNAME -UPACKAGE_URL -I/opt/homebrew/opt/openssl@3/include/ -Wall -g -O3 -std=c++11 -MT traceprov_return_infer.lo -MD -MP -MF .deps/traceprov_return_infer.Tpo -c traceprov_return_infer.cpp  -fno-common -DPIC -o .libs/traceprov_return_infer.o
libtool: compile:  g++ -DPACKAGE_NAME=\"traceprov\" -DPACKAGE_TARNAME=\"traceprov\" -DPACKAGE_VERSION=\"1.0\" "-DPACKAGE_STRING=\"traceprov 1.0\"" -DPACKAGE_BUGREPORT=\"\" -DPACKAGE_URL=\"\" -DPACKAGE=\"traceprov\" -DVERSION=\"1.0\" -DHAVE_STDIO_H=1 -DHAVE_STDLIB_H=1 -DHAVE_STRING_H=1 -DHAVE_INTTYPES_H=1 -DHAVE_STDINT_H=1 -DHAVE_STRINGS_H=1 -DHAVE_SYS_STAT_H=1 -DHAVE_SYS_TYPES_H=1 -DHAVE_UNISTD_H=1 -DSTDC_HEADERS=1 -DHAVE_DLFCN_H=1 -DLT_OBJDIR=\".libs/\" -I. -I/Users/uicdbgroup/.nix-profile/include/server -DTRACEPROV_PAGE_SIZE_RAW=16384 -UPACKAGE_NAME -UPACKAGE_VERSION -UPACKAGE_STRING -UPACKAGE_BUGREPORT -UPACKAGE_URL -UPACKAGE_TARNAME -UPACKAGE_URL -I/opt/homebrew/opt/openssl@3/include/ -Wall -g -O3 -std=c++11 -MT traceprov_return_infer.lo -MD -MP -MF .deps/traceprov_return_infer.Tpo -c traceprov_return_infer.cpp -o traceprov_return_infer.o >/dev/null 2>&1
mv -f .deps/traceprov_return_infer.Tpo .deps/traceprov_return_infer.Plo
/bin/sh ./libtool  --tag=CXX   --mode=link g++  -Wall -g -O3 -std=c++11 -avoid-version -L/opt/homebrew/opt/openssl@3/lib/ -o libtraceprov_infer.la -rpath /Users/uicdbgroup/vinny/git_experiments/traceprov/postgres/bld/lib traceprov_return_infer.lo file_utils.lo utils.lo  
libtool: link: g++ -dynamiclib -Wl,-undefined -Wl,dynamic_lookup -o .libs/libtraceprov_infer.dylib  .libs/traceprov_return_infer.o .libs/file_utils.o .libs/utils.o   -L/opt/homebrew/opt/openssl@3/lib/  -g -O3   -install_name  /Users/uicdbgroup/vinny/git_experiments/traceprov/postgres/bld/lib/libtraceprov_infer.dylib  -Wl,-single_module
libtool: link: ar cr .libs/libtraceprov_infer.a  traceprov_return_infer.o file_utils.o utils.o
libtool: link: ranlib .libs/libtraceprov_infer.a
libtool: link: ( cd ".libs" && rm -f "libtraceprov_infer.la" && ln -s "../libtraceprov_infer.la" "libtraceprov_infer.la" )
make[1]: Entering directory '/Users/uicdbgroup/vinny/git_experiments/traceprov/postgres'
 /Users/uicdbgroup/.nix-profile/bin/gmkdir -p '/Users/uicdbgroup/vinny/git_experiments/traceprov/postgres/bld/lib'
 /bin/sh ./libtool   --mode=install /Users/uicdbgroup/.nix-profile/bin/ginstall -c   libtraceprov.la libtraceprov_infer.la '/Users/uicdbgroup/vinny/git_experiments/traceprov/postgres/bld/lib'
libtool: install: /Users/uicdbgroup/.nix-profile/bin/ginstall -c .libs/libtraceprov.dylib /Users/uicdbgroup/vinny/git_experiments/traceprov/postgres/bld/lib/libtraceprov.dylib
libtool: install: /Users/uicdbgroup/.nix-profile/bin/ginstall -c .libs/libtraceprov.lai /Users/uicdbgroup/vinny/git_experiments/traceprov/postgres/bld/lib/libtraceprov.la
libtool: install: /Users/uicdbgroup/.nix-profile/bin/ginstall -c .libs/libtraceprov_infer.dylib /Users/uicdbgroup/vinny/git_experiments/traceprov/postgres/bld/lib/libtraceprov_infer.dylib
libtool: install: /Users/uicdbgroup/.nix-profile/bin/ginstall -c .libs/libtraceprov_infer.lai /Users/uicdbgroup/vinny/git_experiments/traceprov/postgres/bld/lib/libtraceprov_infer.la
libtool: install: /Users/uicdbgroup/.nix-profile/bin/ginstall -c .libs/libtraceprov.a /Users/uicdbgroup/vinny/git_experiments/traceprov/postgres/bld/lib/libtraceprov.a
libtool: install: chmod 644 /Users/uicdbgroup/vinny/git_experiments/traceprov/postgres/bld/lib/libtraceprov.a
libtool: install: ranlib /Users/uicdbgroup/vinny/git_experiments/traceprov/postgres/bld/lib/libtraceprov.a
libtool: install: /Users/uicdbgroup/.nix-profile/bin/ginstall -c .libs/libtraceprov_infer.a /Users/uicdbgroup/vinny/git_experiments/traceprov/postgres/bld/lib/libtraceprov_infer.a
libtool: install: chmod 644 /Users/uicdbgroup/vinny/git_experiments/traceprov/postgres/bld/lib/libtraceprov_infer.a
libtool: install: ranlib /Users/uicdbgroup/vinny/git_experiments/traceprov/postgres/bld/lib/libtraceprov_infer.a
make[1]: Nothing to be done for 'install-data-am'.
make[1]: Leaving directory '/Users/uicdbgroup/vinny/git_experiments/traceprov/postgres'
PG_LIB_DIR: /nix/store/wzvzidvn3q1idalndbfkmglfxmj505rk-postgresql-jit-16.3-lib/lib
Mapping libtraceprov.a to libtraceprovlocal_test.a
Mapping libtraceprov.dylib to libtraceprovlocal_test.dylib
Mapping libtraceprov.la to libtraceprovlocal_test.la
Mapping libtraceprov_infer.a to libtraceprov_inferlocal_test.a
Mapping libtraceprov_infer.dylib to libtraceprov_inferlocal_test.dylib
Mapping libtraceprov_infer.la to libtraceprov_inferlocal_test.la
DROP AGGREGATE
DROP AGGREGATE
DROP AGGREGATE
DROP AGGREGATE
DROP AGGREGATE
DROP AGGREGATE
DROP AGGREGATE
DROP AGGREGATE
DROP AGGREGATE
DROP AGGREGATE
DROP AGGREGATE
DROP AGGREGATE
DROP AGGREGATE
DROP AGGREGATE
DROP FUNCTION
DROP FUNCTION
DROP FUNCTION
DROP FUNCTION
DROP FUNCTION
DROP FUNCTION
DROP FUNCTION
DROP FUNCTION
DROP FUNCTION
DROP FUNCTION
DROP FUNCTION
DROP FUNCTION
DROP FUNCTION
DROP FUNCTION
DROP FUNCTION
DROP FUNCTION
DROP FUNCTION
DROP FUNCTION
DROP FUNCTION
DROP FUNCTION
DROP FUNCTION
DROP FUNCTION
DROP FUNCTION
DROP FUNCTION
DROP FUNCTION
DROP FUNCTION
DROP FUNCTION
DROP FUNCTION
DROP FUNCTION
DROP FUNCTION
DROP AGGREGATE
DROP FUNCTION
DROP FUNCTION
DROP FUNCTION
DROP FUNCTION
DROP FUNCTION
CREATE FUNCTION
CREATE FUNCTION
CREATE FUNCTION
CREATE FUNCTION
CREATE FUNCTION
CREATE FUNCTION
CREATE FUNCTION
CREATE FUNCTION
CREATE AGGREGATE
CREATE FUNCTION
CREATE FUNCTION
CREATE FUNCTION
CREATE FUNCTION
CREATE FUNCTION
CREATE FUNCTION
CREATE FUNCTION
CREATE FUNCTION
CREATE FUNCTION
CREATE FUNCTION
CREATE FUNCTION
CREATE FUNCTION
CREATE FUNCTION
CREATE FUNCTION
CREATE AGGREGATE
CREATE AGGREGATE
CREATE AGGREGATE
CREATE AGGREGATE
CREATE AGGREGATE
CREATE AGGREGATE
CREATE AGGREGATE
CREATE AGGREGATE
CREATE AGGREGATE
CREATE AGGREGATE
CREATE AGGREGATE
CREATE FUNCTION
CREATE FUNCTION
CREATE FUNCTION
CREATE FUNCTION
CREATE FUNCTION
CREATE FUNCTION
CREATE FUNCTION
CREATE FUNCTION
CREATE FUNCTION
CREATE FUNCTION
CREATE FUNCTION
CREATE AGGREGATE
DROP FUNCTION
DROP FUNCTION
DROP FUNCTION
DROP FUNCTION
DROP FUNCTION
CREATE FUNCTION
CREATE FUNCTION
CREATE FUNCTION
CREATE FUNCTION
ANALYZE
 reinit_state 
--------------
            0
(1 row)

 reinit_state 
--------------
            0
(1 row)

 reinit_state 
--------------
            0
(1 row)

 reinit_state 
--------------
            0
(1 row)

 reinit_state 
--------------
            0
(1 row)

 reinit_state 
--------------
            0
(1 row)

 reinit_state 
--------------
            0
(1 row)

 reinit_state 
--------------
            0
(1 row)

 reinit_state 
--------------
            0
(1 row)

 reinit_state 
--------------
            0
(1 row)

 reinit_state 
--------------
            0
(1 row)

 reinit_state 
--------------
            0
(1 row)

 reinit_state 
--------------
            0
(1 row)

 reinit_state 
--------------
            0
(1 row)

 reinit_state 
--------------
            0
(1 row)

 reinit_state 
--------------
            0
(1 row)

Namespace(sel_num_groups=10000, sel_selectivity=5.0, sel_mode='post', sel_dry_run=False)
50000.0 num_gs
500
50000.0 num_gs
[QueryDirectory(dir_name='5_000_000', queries=[Query(query_name='predicate_post', spec=QuerySpec(key='base_selectivity_5.0', base='base.sql', materialize=None, extras=[], preprocess=[ReplaceSelectivity('500')])), Query(query_name='predicate_post', spec=QuerySpec(key='gprom_join_selectivity_5.0', base='gprom_join.sql', materialize=None, extras=[], preprocess=[ReplaceSelectivity('500')]))])]
[selectivity: (5_000_000, predicate_post)]
base.sql
ON INDEX:  0
5_000_000/predicate_post/base.sql
SKIP VALIDATION:  False
analyze result [('Finalize HashAggregate  (cost=55874.48..55998.56 rows=3309 width=12) (actual time=113.278..114.415 rows=500 loops=1)',), ('  Group Key: group_number',), ('  Filter: (min(min_value) <= 500)',), ('  Batches: 1  Memory Usage: 1425kB',), ('  Rows Removed by Filter: 9500',), ('  Buffers: shared hit=31856',), ('  ->  Gather  (cost=51606.30..55675.96 rows=39704 width=12) (actual time=111.118..112.503 rows=12195 loops=1)',), ('        Workers Planned: 4',), ('        Workers Launched: 4',), ('        Buffers: shared hit=31856',), ('        ->  Partial HashAggregate  (cost=50606.30..50705.56 rows=9926 width=12) (actual time=109.152..109.344 rows=2439 loops=5)',), ('              Group Key: group_number',), ('              Batches: 1  Memory Usage: 657kB',), ('              Buffers: shared hit=31856',), ('              Worker 0:  Batches: 1  Memory Usage: 657kB',), ('              Worker 1:  Batches: 1  Memory Usage: 657kB',), ('              Worker 2:  Batches: 1  Memory Usage: 657kB',), ('              Worker 3:  Batches: 1  Memory Usage: 657kB',), ('              ->  Parallel Seq Scan on data_table_5_000_000  (cost=0.00..44356.20 rows=1250020 width=12) (actual time=0.004..38.545 rows=1000000 loops=5)',), ('                    Buffers: shared hit=31856',), ('Planning:',), ('  Buffers: shared hit=36',), ('Planning Time: 0.160 ms',), ('Execution Time: 114.545 ms',)]
ON INDEX:  1
5_000_000/predicate_post/base.sql
SKIP VALIDATION:  True
analyze result [('Finalize HashAggregate  (cost=55874.48..55998.56 rows=3309 width=12) (actual time=111.423..113.364 rows=500 loops=1)',), ('  Group Key: group_number',), ('  Filter: (min(min_value) <= 500)',), ('  Batches: 1  Memory Usage: 1425kB',), ('  Rows Removed by Filter: 9500',), ('  Buffers: shared hit=31856',), ('  ->  Gather  (cost=51606.30..55675.96 rows=39704 width=12) (actual time=109.200..111.368 rows=12195 loops=1)',), ('        Workers Planned: 4',), ('        Workers Launched: 4',), ('        Buffers: shared hit=31856',), ('        ->  Partial HashAggregate  (cost=50606.30..50705.56 rows=9926 width=12) (actual time=107.515..107.705 rows=2439 loops=5)',), ('              Group Key: group_number',), ('              Batches: 1  Memory Usage: 657kB',), ('              Buffers: shared hit=31856',), ('              Worker 0:  Batches: 1  Memory Usage: 657kB',), ('              Worker 1:  Batches: 1  Memory Usage: 657kB',), ('              Worker 2:  Batches: 1  Memory Usage: 657kB',), ('              Worker 3:  Batches: 1  Memory Usage: 657kB',), ('              ->  Parallel Seq Scan on data_table_5_000_000  (cost=0.00..44356.20 rows=1250020 width=12) (actual time=0.004..37.645 rows=1000000 loops=5)',), ('                    Buffers: shared hit=31856',), ('Planning:',), ('  Buffers: shared hit=36',), ('Planning Time: 0.146 ms',), ('Execution Time: 113.480 ms',)]
ON INDEX:  2
5_000_000/predicate_post/base.sql
SKIP VALIDATION:  True
analyze result [('Finalize HashAggregate  (cost=55874.48..55998.56 rows=3309 width=12) (actual time=111.184..113.108 rows=500 loops=1)',), ('  Group Key: group_number',), ('  Filter: (min(min_value) <= 500)',), ('  Batches: 1  Memory Usage: 1425kB',), ('  Rows Removed by Filter: 9500',), ('  Buffers: shared hit=31856',), ('  ->  Gather  (cost=51606.30..55675.96 rows=39704 width=12) (actual time=108.934..111.103 rows=12195 loops=1)',), ('        Workers Planned: 4',), ('        Workers Launched: 4',), ('        Buffers: shared hit=31856',), ('        ->  Partial HashAggregate  (cost=50606.30..50705.56 rows=9926 width=12) (actual time=107.279..107.470 rows=2439 loops=5)',), ('              Group Key: group_number',), ('              Batches: 1  Memory Usage: 657kB',), ('              Buffers: shared hit=31856',), ('              Worker 0:  Batches: 1  Memory Usage: 657kB',), ('              Worker 1:  Batches: 1  Memory Usage: 657kB',), ('              Worker 2:  Batches: 1  Memory Usage: 657kB',), ('              Worker 3:  Batches: 1  Memory Usage: 657kB',), ('              ->  Parallel Seq Scan on data_table_5_000_000  (cost=0.00..44356.20 rows=1250020 width=12) (actual time=0.004..37.520 rows=1000000 loops=5)',), ('                    Buffers: shared hit=31856',), ('Planning:',), ('  Buffers: shared hit=36',), ('Planning Time: 0.128 ms',), ('Execution Time: 113.228 ms',)]
ON INDEX:  3
5_000_000/predicate_post/base.sql
SKIP VALIDATION:  True
analyze result [('Finalize HashAggregate  (cost=55874.48..55998.56 rows=3309 width=12) (actual time=111.280..113.151 rows=500 loops=1)',), ('  Group Key: group_number',), ('  Filter: (min(min_value) <= 500)',), ('  Batches: 1  Memory Usage: 1425kB',), ('  Rows Removed by Filter: 9500',), ('  Buffers: shared hit=31856',), ('  ->  Gather  (cost=51606.30..55675.96 rows=39704 width=12) (actual time=109.044..111.150 rows=12193 loops=1)',), ('        Workers Planned: 4',), ('        Workers Launched: 4',), ('        Buffers: shared hit=31856',), ('        ->  Partial HashAggregate  (cost=50606.30..50705.56 rows=9926 width=12) (actual time=107.233..107.421 rows=2439 loops=5)',), ('              Group Key: group_number',), ('              Batches: 1  Memory Usage: 657kB',), ('              Buffers: shared hit=31856',), ('              Worker 0:  Batches: 1  Memory Usage: 657kB',), ('              Worker 1:  Batches: 1  Memory Usage: 657kB',), ('              Worker 2:  Batches: 1  Memory Usage: 657kB',), ('              Worker 3:  Batches: 1  Memory Usage: 657kB',), ('              ->  Parallel Seq Scan on data_table_5_000_000  (cost=0.00..44356.20 rows=1250020 width=12) (actual time=0.004..37.729 rows=1000000 loops=5)',), ('                    Buffers: shared hit=31856',), ('Planning:',), ('  Buffers: shared hit=36',), ('Planning Time: 0.164 ms',), ('Execution Time: 113.289 ms',)]
ON INDEX:  4
5_000_000/predicate_post/base.sql
SKIP VALIDATION:  True
analyze result [('Finalize HashAggregate  (cost=55874.48..55998.56 rows=3309 width=12) (actual time=112.337..114.281 rows=500 loops=1)',), ('  Group Key: group_number',), ('  Filter: (min(min_value) <= 500)',), ('  Batches: 1  Memory Usage: 1425kB',), ('  Rows Removed by Filter: 9500',), ('  Buffers: shared hit=31856',), ('  ->  Gather  (cost=51606.30..55675.96 rows=39704 width=12) (actual time=110.237..112.369 rows=12194 loops=1)',), ('        Workers Planned: 4',), ('        Workers Launched: 4',), ('        Buffers: shared hit=31856',), ('        ->  Partial HashAggregate  (cost=50606.30..50705.56 rows=9926 width=12) (actual time=108.456..108.647 rows=2439 loops=5)',), ('              Group Key: group_number',), ('              Batches: 1  Memory Usage: 657kB',), ('              Buffers: shared hit=31856',), ('              Worker 0:  Batches: 1  Memory Usage: 657kB',), ('              Worker 1:  Batches: 1  Memory Usage: 657kB',), ('              Worker 2:  Batches: 1  Memory Usage: 657kB',), ('              Worker 3:  Batches: 1  Memory Usage: 657kB',), ('              ->  Parallel Seq Scan on data_table_5_000_000  (cost=0.00..44356.20 rows=1250020 width=12) (actual time=0.004..38.102 rows=1000000 loops=5)',), ('                    Buffers: shared hit=31856',), ('Planning:',), ('  Buffers: shared hit=36',), ('Planning Time: 0.149 ms',), ('Execution Time: 114.396 ms',)]
ON INDEX:  5
5_000_000/predicate_post/base.sql
SKIP VALIDATION:  True
analyze result [('Finalize HashAggregate  (cost=55874.48..55998.56 rows=3309 width=12) (actual time=110.638..111.970 rows=500 loops=1)',), ('  Group Key: group_number',), ('  Filter: (min(min_value) <= 500)',), ('  Batches: 1  Memory Usage: 1425kB',), ('  Rows Removed by Filter: 9500',), ('  Buffers: shared hit=31856',), ('  ->  Gather  (cost=51606.30..55675.96 rows=39704 width=12) (actual time=108.522..110.064 rows=12194 loops=1)',), ('        Workers Planned: 4',), ('        Workers Launched: 4',), ('        Buffers: shared hit=31856',), ('        ->  Partial HashAggregate  (cost=50606.30..50705.56 rows=9926 width=12) (actual time=106.792..106.981 rows=2439 loops=5)',), ('              Group Key: group_number',), ('              Batches: 1  Memory Usage: 657kB',), ('              Buffers: shared hit=31856',), ('              Worker 0:  Batches: 1  Memory Usage: 657kB',), ('              Worker 1:  Batches: 1  Memory Usage: 657kB',), ('              Worker 2:  Batches: 1  Memory Usage: 657kB',), ('              Worker 3:  Batches: 1  Memory Usage: 657kB',), ('              ->  Parallel Seq Scan on data_table_5_000_000  (cost=0.00..44356.20 rows=1250020 width=12) (actual time=0.004..37.399 rows=1000000 loops=5)',), ('                    Buffers: shared hit=31856',), ('Planning:',), ('  Buffers: shared hit=36',), ('Planning Time: 0.132 ms',), ('Execution Time: 112.088 ms',)]
ON INDEX:  6
5_000_000/predicate_post/base.sql
SKIP VALIDATION:  True
analyze result [('Finalize HashAggregate  (cost=55874.48..55998.56 rows=3309 width=12) (actual time=111.495..113.412 rows=500 loops=1)',), ('  Group Key: group_number',), ('  Filter: (min(min_value) <= 500)',), ('  Batches: 1  Memory Usage: 1425kB',), ('  Rows Removed by Filter: 9500',), ('  Buffers: shared hit=31856',), ('  ->  Gather  (cost=51606.30..55675.96 rows=39704 width=12) (actual time=109.401..111.535 rows=12193 loops=1)',), ('        Workers Planned: 4',), ('        Workers Launched: 4',), ('        Buffers: shared hit=31856',), ('        ->  Partial HashAggregate  (cost=50606.30..50705.56 rows=9926 width=12) (actual time=107.627..107.817 rows=2439 loops=5)',), ('              Group Key: group_number',), ('              Batches: 1  Memory Usage: 657kB',), ('              Buffers: shared hit=31856',), ('              Worker 0:  Batches: 1  Memory Usage: 657kB',), ('              Worker 1:  Batches: 1  Memory Usage: 657kB',), ('              Worker 2:  Batches: 1  Memory Usage: 657kB',), ('              Worker 3:  Batches: 1  Memory Usage: 657kB',), ('              ->  Parallel Seq Scan on data_table_5_000_000  (cost=0.00..44356.20 rows=1250020 width=12) (actual time=0.004..37.767 rows=1000000 loops=5)',), ('                    Buffers: shared hit=31856',), ('Planning:',), ('  Buffers: shared hit=36',), ('Planning Time: 0.141 ms',), ('Execution Time: 113.523 ms',)]
ON INDEX:  7
5_000_000/predicate_post/base.sql
SKIP VALIDATION:  True
analyze result [('Finalize HashAggregate  (cost=55874.48..55998.56 rows=3309 width=12) (actual time=111.256..113.164 rows=500 loops=1)',), ('  Group Key: group_number',), ('  Filter: (min(min_value) <= 500)',), ('  Batches: 1  Memory Usage: 1425kB',), ('  Rows Removed by Filter: 9500',), ('  Buffers: shared hit=31856',), ('  ->  Gather  (cost=51606.30..55675.96 rows=39704 width=12) (actual time=109.017..111.149 rows=12193 loops=1)',), ('        Workers Planned: 4',), ('        Workers Launched: 4',), ('        Buffers: shared hit=31856',), ('        ->  Partial HashAggregate  (cost=50606.30..50705.56 rows=9926 width=12) (actual time=107.345..107.534 rows=2439 loops=5)',), ('              Group Key: group_number',), ('              Batches: 1  Memory Usage: 657kB',), ('              Buffers: shared hit=31856',), ('              Worker 0:  Batches: 1  Memory Usage: 657kB',), ('              Worker 1:  Batches: 1  Memory Usage: 657kB',), ('              Worker 2:  Batches: 1  Memory Usage: 657kB',), ('              Worker 3:  Batches: 1  Memory Usage: 657kB',), ('              ->  Parallel Seq Scan on data_table_5_000_000  (cost=0.00..44356.20 rows=1250020 width=12) (actual time=0.004..37.623 rows=1000000 loops=5)',), ('                    Buffers: shared hit=31856',), ('Planning:',), ('  Buffers: shared hit=36',), ('Planning Time: 0.121 ms',), ('Execution Time: 113.268 ms',)]
ON INDEX:  8
5_000_000/predicate_post/base.sql
SKIP VALIDATION:  True
analyze result [('Finalize HashAggregate  (cost=55874.48..55998.56 rows=3309 width=12) (actual time=111.425..113.262 rows=500 loops=1)',), ('  Group Key: group_number',), ('  Filter: (min(min_value) <= 500)',), ('  Batches: 1  Memory Usage: 1425kB',), ('  Rows Removed by Filter: 9500',), ('  Buffers: shared hit=31856',), ('  ->  Gather  (cost=51606.30..55675.96 rows=39704 width=12) (actual time=109.193..111.275 rows=12193 loops=1)',), ('        Workers Planned: 4',), ('        Workers Launched: 4',), ('        Buffers: shared hit=31856',), ('        ->  Partial HashAggregate  (cost=50606.30..50705.56 rows=9926 width=12) (actual time=107.499..107.689 rows=2439 loops=5)',), ('              Group Key: group_number',), ('              Batches: 1  Memory Usage: 657kB',), ('              Buffers: shared hit=31856',), ('              Worker 0:  Batches: 1  Memory Usage: 657kB',), ('              Worker 1:  Batches: 1  Memory Usage: 657kB',), ('              Worker 2:  Batches: 1  Memory Usage: 657kB',), ('              Worker 3:  Batches: 1  Memory Usage: 657kB',), ('              ->  Parallel Seq Scan on data_table_5_000_000  (cost=0.00..44356.20 rows=1250020 width=12) (actual time=0.004..37.638 rows=1000000 loops=5)',), ('                    Buffers: shared hit=31856',), ('Planning:',), ('  Buffers: shared hit=36',), ('Planning Time: 0.133 ms',), ('Execution Time: 113.372 ms',)]
ON INDEX:  9
5_000_000/predicate_post/base.sql
SKIP VALIDATION:  True
analyze result [('Finalize HashAggregate  (cost=55874.48..55998.56 rows=3309 width=12) (actual time=112.747..114.621 rows=500 loops=1)',), ('  Group Key: group_number',), ('  Filter: (min(min_value) <= 500)',), ('  Batches: 1  Memory Usage: 1425kB',), ('  Rows Removed by Filter: 9500',), ('  Buffers: shared hit=31856',), ('  ->  Gather  (cost=51606.30..55675.96 rows=39704 width=12) (actual time=110.645..112.743 rows=12191 loops=1)',), ('        Workers Planned: 4',), ('        Workers Launched: 4',), ('        Buffers: shared hit=31856',), ('        ->  Partial HashAggregate  (cost=50606.30..50705.56 rows=9926 width=12) (actual time=108.836..109.028 rows=2438 loops=5)',), ('              Group Key: group_number',), ('              Batches: 1  Memory Usage: 657kB',), ('              Buffers: shared hit=31856',), ('              Worker 0:  Batches: 1  Memory Usage: 657kB',), ('              Worker 1:  Batches: 1  Memory Usage: 657kB',), ('              Worker 2:  Batches: 1  Memory Usage: 657kB',), ('              Worker 3:  Batches: 1  Memory Usage: 657kB',), ('              ->  Parallel Seq Scan on data_table_5_000_000  (cost=0.00..44356.20 rows=1250020 width=12) (actual time=0.004..38.417 rows=1000000 loops=5)',), ('                    Buffers: shared hit=31856',), ('Planning:',), ('  Buffers: shared hit=36',), ('Planning Time: 0.141 ms',), ('Execution Time: 114.747 ms',)]
ON INDEX:  10
5_000_000/predicate_post/base.sql
SKIP VALIDATION:  True
analyze result  reinit_state 
--------------
            0
(1 row)

 reinit_state 
--------------
            0
(1 row)

 reinit_state 
--------------
            0
(1 row)

 reinit_state 
--------------
            0
(1 row)

[('Finalize HashAggregate  (cost=55874.48..55998.56 rows=3309 width=12) (actual time=110.942..112.583 rows=500 loops=1)',), ('  Group Key: group_number',), ('  Filter: (min(min_value) <= 500)',), ('  Batches: 1  Memory Usage: 1425kB',), ('  Rows Removed by Filter: 9500',), ('  Buffers: shared hit=31856',), ('  ->  Gather  (cost=51606.30..55675.96 rows=39704 width=12) (actual time=108.774..110.658 rows=12194 loops=1)',), ('        Workers Planned: 4',), ('        Workers Launched: 4',), ('        Buffers: shared hit=31856',), ('        ->  Partial HashAggregate  (cost=50606.30..50705.56 rows=9926 width=12) (actual time=107.112..107.298 rows=2439 loops=5)',), ('              Group Key: group_number',), ('              Batches: 1  Memory Usage: 657kB',), ('              Buffers: shared hit=31856',), ('              Worker 0:  Batches: 1  Memory Usage: 657kB',), ('              Worker 1:  Batches: 1  Memory Usage: 657kB',), ('              Worker 2:  Batches: 1  Memory Usage: 657kB',), ('              Worker 3:  Batches: 1  Memory Usage: 657kB',), ('              ->  Parallel Seq Scan on data_table_5_000_000  (cost=0.00..44356.20 rows=1250020 width=12) (actual time=0.004..37.556 rows=1000000 loops=5)',), ('                    Buffers: shared hit=31856',), ('Planning:',), ('  Buffers: shared hit=36',), ('Planning Time: 0.134 ms',), ('Execution Time: 112.696 ms',)]
ON INDEX:  11
5_000_000/predicate_post/base.sql
SKIP VALIDATION:  True
analyze result [('Finalize HashAggregate  (cost=55874.48..55998.56 rows=3309 width=12) (actual time=113.441..115.242 rows=500 loops=1)',), ('  Group Key: group_number',), ('  Filter: (min(min_value) <= 500)',), ('  Batches: 1  Memory Usage: 1425kB',), ('  Rows Removed by Filter: 9500',), ('  Buffers: shared hit=31856',), ('  ->  Gather  (cost=51606.30..55675.96 rows=39704 width=12) (actual time=111.271..113.291 rows=12194 loops=1)',), ('        Workers Planned: 4',), ('        Workers Launched: 4',), ('        Buffers: shared hit=31856',), ('        ->  Partial HashAggregate  (cost=50606.30..50705.56 rows=9926 width=12) (actual time=109.574..109.774 rows=2439 loops=5)',), ('              Group Key: group_number',), ('              Batches: 1  Memory Usage: 657kB',), ('              Buffers: shared hit=31856',), ('              Worker 0:  Batches: 1  Memory Usage: 657kB',), ('              Worker 1:  Batches: 1  Memory Usage: 657kB',), ('              Worker 2:  Batches: 1  Memory Usage: 657kB',), ('              Worker 3:  Batches: 1  Memory Usage: 657kB',), ('              ->  Parallel Seq Scan on data_table_5_000_000  (cost=0.00..44356.20 rows=1250020 width=12) (actual time=0.003..38.439 rows=1000000 loops=5)',), ('                    Buffers: shared hit=31856',), ('Planning:',), ('  Buffers: shared hit=36',), ('Planning Time: 0.126 ms',), ('Execution Time: 115.359 ms',)]
ON INDEX:  12
5_000_000/predicate_post/base.sql
SKIP VALIDATION:  True
analyze result [('Finalize HashAggregate  (cost=55874.48..55998.56 rows=3309 width=12) (actual time=111.123..113.009 rows=500 loops=1)',), ('  Group Key: group_number',), ('  Filter: (min(min_value) <= 500)',), ('  Batches: 1  Memory Usage: 1425kB',), ('  Rows Removed by Filter: 9500',), ('  Buffers: shared hit=31856',), ('  ->  Gather  (cost=51606.30..55675.96 rows=39704 width=12) (actual time=108.980..111.082 rows=12194 loops=1)',), ('        Workers Planned: 4',), ('        Workers Launched: 4',), ('        Buffers: shared hit=31856',), ('        ->  Partial HashAggregate  (cost=50606.30..50705.56 rows=9926 width=12) (actual time=107.266..107.455 rows=2439 loops=5)',), ('              Group Key: group_number',), ('              Batches: 1  Memory Usage: 657kB',), ('              Buffers: shared hit=31856',), ('              Worker 0:  Batches: 1  Memory Usage: 657kB',), ('              Worker 1:  Batches: 1  Memory Usage: 657kB',), ('              Worker 2:  Batches: 1  Memory Usage: 657kB',), ('              Worker 3:  Batches: 1  Memory Usage: 657kB',), ('              ->  Parallel Seq Scan on data_table_5_000_000  (cost=0.00..44356.20 rows=1250020 width=12) (actual time=0.004..37.737 rows=1000000 loops=5)',), ('                    Buffers: shared hit=31856',), ('Planning:',), ('  Buffers: shared hit=36',), ('Planning Time: 0.127 ms',), ('Execution Time: 113.117 ms',)]
ON INDEX:  13
5_000_000/predicate_post/base.sql
SKIP VALIDATION:  True
analyze result [('Finalize HashAggregate  (cost=55874.48..55998.56 rows=3309 width=12) (actual time=111.219..113.101 rows=500 loops=1)',), ('  Group Key: group_number',), ('  Filter: (min(min_value) <= 500)',), ('  Batches: 1  Memory Usage: 1425kB',), ('  Rows Removed by Filter: 9500',), ('  Buffers: shared hit=31856',), ('  ->  Gather  (cost=51606.30..55675.96 rows=39704 width=12) (actual time=108.948..111.054 rows=12193 loops=1)',), ('        Workers Planned: 4',), ('        Workers Launched: 4',), ('        Buffers: shared hit=31856',), ('        ->  Partial HashAggregate  (cost=50606.30..50705.56 rows=9926 width=12) (actual time=107.280..107.469 rows=2439 loops=5)',), ('              Group Key: group_number',), ('              Batches: 1  Memory Usage: 657kB',), ('              Buffers: shared hit=31856',), ('              Worker 0:  Batches: 1  Memory Usage: 657kB',), ('              Worker 1:  Batches: 1  Memory Usage: 657kB',), ('              Worker 2:  Batches: 1  Memory Usage: 657kB',), ('              Worker 3:  Batches: 1  Memory Usage: 657kB',), ('              ->  Parallel Seq Scan on data_table_5_000_000  (cost=0.00..44356.20 rows=1250020 width=12) (actual time=0.004..37.553 rows=1000000 loops=5)',), ('                    Buffers: shared hit=31856',), ('Planning:',), ('  Buffers: shared hit=36',), ('Planning Time: 0.133 ms',), ('Execution Time: 113.219 ms',)]
ON INDEX:  14
5_000_000/predicate_post/base.sql
SKIP VALIDATION:  True
analyze result [('Finalize HashAggregate  (cost=55874.48..55998.56 rows=3309 width=12) (actual time=111.438..113.341 rows=500 loops=1)',), ('  Group Key: group_number',), ('  Filter: (min(min_value) <= 500)',), ('  Batches: 1  Memory Usage: 1425kB',), ('  Rows Removed by Filter: 9500',), ('  Buffers: shared hit=31856',), ('  ->  Gather  (cost=51606.30..55675.96 rows=39704 width=12) (actual time=109.271..111.423 rows=12191 loops=1)',), ('        Workers Planned: 4',), ('        Workers Launched: 4',), ('        Buffers: shared hit=31856',), ('        ->  Partial HashAggregate  (cost=50606.30..50705.56 rows=9926 width=12) (actual time=107.562..107.752 rows=2438 loops=5)',), ('              Group Key: group_number',), ('              Batches: 1  Memory Usage: 657kB',), ('              Buffers: shared hit=31856',), ('              Worker 0:  Batches: 1  Memory Usage: 657kB',), ('              Worker 1:  Batches: 1  Memory Usage: 657kB',), ('              Worker 2:  Batches: 1  Memory Usage: 657kB',), ('              Worker 3:  Batches: 1  Memory Usage: 657kB',), ('              ->  Parallel Seq Scan on data_table_5_000_000  (cost=0.00..44356.20 rows=1250020 width=12) (actual time=0.004..37.668 rows=1000000 loops=5)',), ('                    Buffers: shared hit=31856',), ('Planning:',), ('  Buffers: shared hit=36',), ('Planning Time: 0.128 ms',), ('Execution Time: 113.461 ms',)]
[selectivity: (5_000_000, predicate_post)]
gprom_join.sql
ON INDEX:  0
5_000_000/predicate_post/gprom_join.sql
SKIP VALIDATION:  False
analyze result [('Nested Loop  (cost=55874.48..248316917.16 rows=1666862 width=4) (actual time=169.853..105492.561 rows=250000 loops=1)',), ('  Join Filter: (NOT (f0_0."GROUP_0" IS DISTINCT FROM f0_0_1.group_number))',), ('  Rows Removed by Join Filter: 2499750000',), ('  Buffers: shared hit=63712',), ('  ->  Seq Scan on data_table_5_000_000 f0_0_1  (cost=0.00..81856.81 rows=5000081 width=8) (actual time=0.007..262.640 rows=5000000 loops=1)',), ('        Buffers: shared hit=31856',), ('  ->  Materialize  (cost=55874.48..56048.19 rows=3309 width=4) (actual time=0.000..0.010 rows=500 loops=5000000)',), ('        Buffers: shared hit=31856',), ('        ->  Subquery Scan on f0_0  (cost=55874.48..56031.65 rows=3309 width=4) (actual time=169.535..169.932 rows=500 loops=1)',), ('              Buffers: shared hit=31856',), ('              ->  Finalize HashAggregate  (cost=55874.48..55998.56 rows=3309 width=20) (actual time=169.533..169.908 rows=500 loops=1)',), ('                    Group Key: f0_0_2.group_number',), ('                    Filter: (min(f0_0_2.min_value) <= 500)',), ('                    Batches: 1  Memory Usage: 1425kB',), ('                    Rows Removed by Filter: 9500',), ('                    Buffers: shared hit=31856',), ('                    ->  Gather  (cost=51606.30..55675.96 rows=39704 width=12) (actual time=167.494..168.144 rows=12182 loops=1)',), ('                          Workers Planned: 4',), ('                          Workers Launched: 4',), ('                          Buffers: shared hit=31856',), ('                          ->  Partial HashAggregate  (cost=50606.30..50705.56 rows=9926 width=12) (actual time=157.682..157.858 rows=2436 loops=5)',), ('                                Group Key: f0_0_2.group_number',), ('                                Batches: 1  Memory Usage: 529kB',), ('                                Buffers: shared hit=31856',), ('                                Worker 0:  Batches: 1  Memory Usage: 657kB',), ('                                Worker 1:  Batches: 1  Memory Usage: 657kB',), ('                                Worker 2:  Batches: 1  Memory Usage: 657kB',), ('                                Worker 3:  Batches: 1  Memory Usage: 657kB',), ('                                ->  Parallel Seq Scan on data_table_5_000_000 f0_0_2  (cost=0.00..44356.20 rows=1250020 width=12) (actual time=0.002..37.361 rows=1000000 loops=5)',), ('                                      Buffers: shared hit=31856',), ('Planning:',), ('  Buffers: shared hit=39',), ('Planning Time: 0.208 ms',), ('JIT:',), ('  Functions: 47',), ('  Options: Inlining true, Optimization true, Expressions true, Deforming true',), ('  Timing: Generation 1.153 ms, Inlining 137.097 ms, Optimization 90.243 ms, Emission 68.976 ms, Total 297.469 ms',), ('Execution Time: 105511.397 ms',)]
ON INDEX:  1
5_000_000/predicate_post/gprom_join.sql
SKIP VALIDATION:  True
analyze result [('Nested Loop  (cost=55874.48..248316917.16 rows=1666862 width=4) (actual time=169.892..105561.843 rows=250000 loops=1)',), ('  Join Filter: (NOT (f0_0."GROUP_0" IS DISTINCT FROM f0_0_1.group_number))',), ('  Rows Removed by Join Filter: 2499750000',), ('  Buffers: shared hit=63712',), ('  ->  Seq Scan on data_table_5_000_000 f0_0_1  (cost=0.00..81856.81 rows=5000081 width=8) (actual time=0.005..269.104 rows=5000000 loops=1)',), ('        Buffers: shared hit=31856',), ('  ->  Materialize  (cost=55874.48..56048.19 rows=3309 width=4) (actual time=0.000..0.010 rows=500 loops=5000000)',), ('        Buffers: shared hit=31856',), ('        ->  Subquery Scan on f0_0  (cost=55874.48..56031.65 rows=3309 width=4) (actual time=169.575..170.008 rows=500 loops=1)',), ('              Buffers: shared hit=31856',), ('              ->  Finalize HashAggregate  (cost=55874.48..55998.56 rows=3309 width=20) (actual time=169.573..169.984 rows=500 loops=1)',), ('                    Group Key: f0_0_2.group_number',), ('                    Filter: (min(f0_0_2.min_value) <= 500)',), ('                    Batches: 1  Memory Usage: 1425kB',), ('                    Rows Removed by Filter: 9500',), ('                    Buffers: shared hit=31856',), ('                    ->  Gather  (cost=51606.30..55675.96 rows=39704 width=12) (actual time=167.575..168.239 rows=12183 loops=1)',), ('                          Workers Planned: 4',), ('                          Workers Launched: 4',), ('                          Buffers: shared hit=31856',), ('                          ->  Partial HashAggregate  (cost=50606.30..50705.56 rows=9926 width=12) (actual time=157.896..158.071 rows=2437 loops=5)',), ('                                Group Key: f0_0_2.group_number',), ('                                Batches: 1  Memory Usage: 529kB',), ('                                Buffers: shared hit=31856',), ('                                Worker 0:  Batches: 1  Memory Usage: 657kB',), ('                                Worker 1:  Batches: 1  Memory Usage: 657kB',), ('                                Worker 2:  Batches: 1  Memory Usage: 657kB',), ('                                Worker 3:  Batches: 1  Memory Usage: 657kB',), ('                                ->  Parallel Seq Scan on data_table_5_000_000 f0_0_2  (cost=0.00..44356.20 rows=1250020 width=12) (actual time=0.002..37.459 rows=1000000 loops=5)',), ('                                      Buffers: shared hit=31856',), ('Planning:',), ('  Buffers: shared hit=39',), ('Planning Time: 0.218 ms',), ('JIT:',), ('  Functions: 47',), ('  Options: Inlining true, Optimization true, Expressions true, Deforming true',), ('  Timing: Generation 1.127 ms, Inlining 136.879 ms, Optimization 90.534 ms, Emission 69.099 ms, Total 297.639 ms',), ('Execution Time: 105580.074 ms',)]
ON INDEX:  2
5_000_000/predicate_post/gprom_join.sql
SKIP VALIDATION:  True
analyze result  reinit_state 
--------------
            0
(1 row)

 reinit_state 
--------------
            0
(1 row)

 reinit_state 
--------------
            0
(1 row)

 reinit_state 
--------------
            0
(1 row)

[('Nested Loop  (cost=55874.48..248316917.16 rows=1666862 width=4) (actual time=169.577..105494.426 rows=250000 loops=1)',), ('  Join Filter: (NOT (f0_0."GROUP_0" IS DISTINCT FROM f0_0_1.group_number))',), ('  Rows Removed by Join Filter: 2499750000',), ('  Buffers: shared hit=63712',), ('  ->  Seq Scan on data_table_5_000_000 f0_0_1  (cost=0.00..81856.81 rows=5000081 width=8) (actual time=0.008..263.612 rows=5000000 loops=1)',), ('        Buffers: shared hit=31856',), ('  ->  Materialize  (cost=55874.48..56048.19 rows=3309 width=4) (actual time=0.000..0.010 rows=500 loops=5000000)',), ('        Buffers: shared hit=31856',), ('        ->  Subquery Scan on f0_0  (cost=55874.48..56031.65 rows=3309 width=4) (actual time=169.254..169.668 rows=500 loops=1)',), ('              Buffers: shared hit=31856',), ('              ->  Finalize HashAggregate  (cost=55874.48..55998.56 rows=3309 width=20) (actual time=169.252..169.644 rows=500 loops=1)',), ('                    Group Key: f0_0_2.group_number',), ('                    Filter: (min(f0_0_2.min_value) <= 500)',), ('                    Batches: 1  Memory Usage: 1425kB',), ('                    Rows Removed by Filter: 9500',), ('                    Buffers: shared hit=31856',), ('                    ->  Gather  (cost=51606.30..55675.96 rows=39704 width=12) (actual time=167.044..167.717 rows=12198 loops=1)',), ('                          Workers Planned: 4',), ('                          Workers Launched: 4',), ('                          Buffers: shared hit=31856',), ('                          ->  Partial HashAggregate  (cost=50606.30..50705.56 rows=9926 width=12) (actual time=157.703..157.877 rows=2440 loops=5)',), ('                                Group Key: f0_0_2.group_number',), ('                                Batches: 1  Memory Usage: 657kB',), ('                                Buffers: shared hit=31856',), ('                                Worker 0:  Batches: 1  Memory Usage: 657kB',), ('                                Worker 1:  Batches: 1  Memory Usage: 657kB',), ('                                Worker 2:  Batches: 1  Memory Usage: 657kB',), ('                                Worker 3:  Batches: 1  Memory Usage: 657kB',), ('                                ->  Parallel Seq Scan on data_table_5_000_000 f0_0_2  (cost=0.00..44356.20 rows=1250020 width=12) (actual time=0.003..37.259 rows=1000000 loops=5)',), ('                                      Buffers: shared hit=31856',), ('Planning:',), ('  Buffers: shared hit=39',), ('Planning Time: 0.214 ms',), ('JIT:',), ('  Functions: 47',), ('  Options: Inlining true, Optimization true, Expressions true, Deforming true',), ('  Timing: Generation 1.126 ms, Inlining 138.249 ms, Optimization 89.254 ms, Emission 68.578 ms, Total 297.207 ms',), ('Execution Time: 105512.831 ms',)]
ON INDEX:  3
5_000_000/predicate_post/gprom_join.sql
SKIP VALIDATION:  True
analyze result [('Nested Loop  (cost=55874.48..248316917.16 rows=1666862 width=4) (actual time=169.853..105565.355 rows=250000 loops=1)',), ('  Join Filter: (NOT (f0_0."GROUP_0" IS DISTINCT FROM f0_0_1.group_number))',), ('  Rows Removed by Join Filter: 2499750000',), ('  Buffers: shared hit=63712',), ('  ->  Seq Scan on data_table_5_000_000 f0_0_1  (cost=0.00..81856.81 rows=5000081 width=8) (actual time=0.005..263.080 rows=5000000 loops=1)',), ('        Buffers: shared hit=31856',), ('  ->  Materialize  (cost=55874.48..56048.19 rows=3309 width=4) (actual time=0.000..0.010 rows=500 loops=5000000)',), ('        Buffers: shared hit=31856',), ('        ->  Subquery Scan on f0_0  (cost=55874.48..56031.65 rows=3309 width=4) (actual time=169.542..169.966 rows=500 loops=1)',), ('              Buffers: shared hit=31856',), ('              ->  Finalize HashAggregate  (cost=55874.48..55998.56 rows=3309 width=20) (actual time=169.541..169.944 rows=500 loops=1)',), ('                    Group Key: f0_0_2.group_number',), ('                    Filter: (min(f0_0_2.min_value) <= 500)',), ('                    Batches: 1  Memory Usage: 1425kB',), ('                    Rows Removed by Filter: 9500',), ('                    Buffers: shared hit=31856',), ('                    ->  Gather  (cost=51606.30..55675.96 rows=39704 width=12) (actual time=167.602..168.252 rows=12182 loops=1)',), ('                          Workers Planned: 4',), ('                          Workers Launched: 4',), ('                          Buffers: shared hit=31856',), ('                          ->  Partial HashAggregate  (cost=50606.30..50705.56 rows=9926 width=12) (actual time=157.793..157.968 rows=2436 loops=5)',), ('                                Group Key: f0_0_2.group_number',), ('                                Batches: 1  Memory Usage: 529kB',), ('                                Buffers: shared hit=31856',), ('                                Worker 0:  Batches: 1  Memory Usage: 657kB',), ('                                Worker 1:  Batches: 1  Memory Usage: 657kB',), ('                                Worker 2:  Batches: 1  Memory Usage: 657kB',), ('                                Worker 3:  Batches: 1  Memory Usage: 657kB',), ('                                ->  Parallel Seq Scan on data_table_5_000_000 f0_0_2  (cost=0.00..44356.20 rows=1250020 width=12) (actual time=0.003..37.320 rows=1000000 loops=5)',), ('                                      Buffers: shared hit=31856',), ('Planning:',), ('  Buffers: shared hit=39',), ('Planning Time: 0.245 ms',), ('JIT:',), ('  Functions: 47',), ('  Options: Inlining true, Optimization true, Expressions true, Deforming true',), ('  Timing: Generation 1.136 ms, Inlining 137.876 ms, Optimization 90.231 ms, Emission 68.938 ms, Total 298.181 ms',), ('Execution Time: 105584.105 ms',)]
ON INDEX:  4
5_000_000/predicate_post/gprom_join.sql
SKIP VALIDATION:  True
analyze result [('Nested Loop  (cost=55874.48..248316917.16 rows=1666862 width=4) (actual time=169.961..106128.361 rows=250000 loops=1)',), ('  Join Filter: (NOT (f0_0."GROUP_0" IS DISTINCT FROM f0_0_1.group_number))',), ('  Rows Removed by Join Filter: 2499750000',), ('  Buffers: shared hit=63712',), ('  ->  Seq Scan on data_table_5_000_000 f0_0_1  (cost=0.00..81856.81 rows=5000081 width=8) (actual time=0.005..259.562 rows=5000000 loops=1)',), ('        Buffers: shared hit=31856',), ('  ->  Materialize  (cost=55874.48..56048.19 rows=3309 width=4) (actual time=0.000..0.010 rows=500 loops=5000000)',), ('        Buffers: shared hit=31856',), ('        ->  Subquery Scan on f0_0  (cost=55874.48..56031.65 rows=3309 width=4) (actual time=169.643..170.047 rows=500 loops=1)',), ('              Buffers: shared hit=31856',), ('              ->  Finalize HashAggregate  (cost=55874.48..55998.56 rows=3309 width=20) (actual time=169.642..170.023 rows=500 loops=1)',), ('                    Group Key: f0_0_2.group_number',), ('                    Filter: (min(f0_0_2.min_value) <= 500)',), ('                    Batches: 1  Memory Usage: 1425kB',), ('                    Rows Removed by Filter: 9500',), ('                    Buffers: shared hit=31856',), ('                    ->  Gather  (cost=51606.30..55675.96 rows=39704 width=12) (actual time=167.613..168.236 rows=12185 loops=1)',), ('                          Workers Planned: 4',), ('                          Workers Launched: 4',), ('                          Buffers: shared hit=31856',), ('                          ->  Partial HashAggregate  (cost=50606.30..50705.56 rows=9926 width=12) (actual time=157.616..157.797 rows=2437 loops=5)',), ('                                Group Key: f0_0_2.group_number',), ('                                Batches: 1  Memory Usage: 529kB',), ('                                Buffers: shared hit=31856',), ('                                Worker 0:  Batches: 1  Memory Usage: 657kB',), ('                                Worker 1:  Batches: 1  Memory Usage: 657kB',), ('                                Worker 2:  Batches: 1  Memory Usage: 657kB',), ('                                Worker 3:  Batches: 1  Memory Usage: 657kB',), ('                                ->  Parallel Seq Scan on data_table_5_000_000 f0_0_2  (cost=0.00..44356.20 rows=1250020 width=12) (actual time=0.003..37.317 rows=1000000 loops=5)',), ('                                      Buffers: shared hit=31856',), ('Planning:',), ('  Buffers: shared hit=39',), ('Planning Time: 0.216 ms',), ('JIT:',), ('  Functions: 47',), ('  Options: Inlining true, Optimization true, Expressions true, Deforming true',), ('  Timing: Generation 1.140 ms, Inlining 137.560 ms, Optimization 90.158 ms, Emission 68.617 ms, Total 297.474 ms',), ('Execution Time: 106146.911 ms',)]
ON INDEX:  5
5_000_000/predicate_post/gprom_join.sql
SKIP VALIDATION:  True
analyze result [('Nested Loop  (cost=55874.48..248316917.16 rows=1666862 width=4) (actual time=171.169..105450.809 rows=250000 loops=1)',), ('  Join Filter: (NOT (f0_0."GROUP_0" IS DISTINCT FROM f0_0_1.group_number))',), ('  Rows Removed by Join Filter: 2499750000',), ('  Buffers: shared hit=63712',), ('  ->  Seq Scan on data_table_5_000_000 f0_0_1  (cost=0.00..81856.81 rows=5000081 width=8) (actual time=0.005..265.704 rows=5000000 loops=1)',), ('        Buffers: shared hit=31856',), ('  ->  Materialize  (cost=55874.48..56048.19 rows=3309 width=4) (actual time=0.000..0.010 rows=500 loops=5000000)',), ('        Buffers: shared hit=31856',), ('        ->  Subquery Scan on f0_0  (cost=55874.48..56031.65 rows=3309 width=4) (actual time=170.857..171.261 rows=500 loops=1)',), ('              Buffers: shared hit=31856',), ('              ->  Finalize HashAggregate  (cost=55874.48..55998.56 rows=3309 width=20) (actual time=170.856..171.237 rows=500 loops=1)',), ('                    Group Key: f0_0_2.group_number',), ('                    Filter: (min(f0_0_2.min_value) <= 500)',), ('                    Batches: 1  Memory Usage: 1425kB',), ('                    Rows Removed by Filter: 9500',), ('                    Buffers: shared hit=31856',), ('                    ->  Gather  (cost=51606.30..55675.96 rows=39704 width=12) (actual time=168.862..169.513 rows=12198 loops=1)',), ('                          Workers Planned: 4',), ('                          Workers Launched: 4',), ('                          Buffers: shared hit=31856',), ('                          ->  Partial HashAggregate  (cost=50606.30..50705.56 rows=9926 width=12) (actual time=158.957..159.132 rows=2440 loops=5)',), ('                                Group Key: f0_0_2.group_number',), ('                                Batches: 1  Memory Usage: 529kB',), ('                                Buffers: shared hit=31856',), ('                                Worker 0:  Batches: 1  Memory Usage: 657kB',), ('                                Worker 1:  Batches: 1  Memory Usage: 657kB',), ('                                Worker 2:  Batches: 1  Memory Usage: 657kB',), ('                                Worker 3:  Batches: 1  Memory Usage: 657kB',), ('                                ->  Parallel Seq Scan on data_table_5_000_000 f0_0_2  (cost=0.00..44356.20 rows=1250020 width=12) (actual time=0.002..37.723 rows=1000000 loops=5)',), ('                                      Buffers: shared hit=31856',), ('Planning:',), ('  Buffers: shared hit=39',), ('Planning Time: 0.199 ms',), ('JIT:',), ('  Functions: 47',), ('  Options: Inlining true, Optimization true, Expressions true, Deforming true',), ('  Timing: Generation 1.157 ms, Inlining 138.365 ms, Optimization 90.342 ms, Emission 69.286 ms, Total 299.150 ms',), ('Execution Time: 105468.581 ms',)]
ON INDEX:  6
5_000_000/predicate_post/gprom_join.sql
SKIP VALIDATION:  True
analyze result  reinit_state 
--------------
            0
(1 row)

 reinit_state 
--------------
            0
(1 row)

 reinit_state 
--------------
            0
(1 row)

 reinit_state 
--------------
            0
(1 row)

[('Nested Loop  (cost=55874.48..248316917.16 rows=1666862 width=4) (actual time=169.579..105632.724 rows=250000 loops=1)',), ('  Join Filter: (NOT (f0_0."GROUP_0" IS DISTINCT FROM f0_0_1.group_number))',), ('  Rows Removed by Join Filter: 2499750000',), ('  Buffers: shared hit=63712',), ('  ->  Seq Scan on data_table_5_000_000 f0_0_1  (cost=0.00..81856.81 rows=5000081 width=8) (actual time=0.006..262.200 rows=5000000 loops=1)',), ('        Buffers: shared hit=31856',), ('  ->  Materialize  (cost=55874.48..56048.19 rows=3309 width=4) (actual time=0.000..0.010 rows=500 loops=5000000)',), ('        Buffers: shared hit=31856',), ('        ->  Subquery Scan on f0_0  (cost=55874.48..56031.65 rows=3309 width=4) (actual time=169.261..169.679 rows=500 loops=1)',), ('              Buffers: shared hit=31856',), ('              ->  Finalize HashAggregate  (cost=55874.48..55998.56 rows=3309 width=20) (actual time=169.259..169.655 rows=500 loops=1)',), ('                    Group Key: f0_0_2.group_number',), ('                    Filter: (min(f0_0_2.min_value) <= 500)',), ('                    Batches: 1  Memory Usage: 1425kB',), ('                    Rows Removed by Filter: 9500',), ('                    Buffers: shared hit=31856',), ('                    ->  Gather  (cost=51606.30..55675.96 rows=39704 width=12) (actual time=167.241..167.901 rows=12184 loops=1)',), ('                          Workers Planned: 4',), ('                          Workers Launched: 4',), ('                          Buffers: shared hit=31856',), ('                          ->  Partial HashAggregate  (cost=50606.30..50705.56 rows=9926 width=12) (actual time=157.530..157.705 rows=2437 loops=5)',), ('                                Group Key: f0_0_2.group_number',), ('                                Batches: 1  Memory Usage: 529kB',), ('                                Buffers: shared hit=31856',), ('                                Worker 0:  Batches: 1  Memory Usage: 657kB',), ('                                Worker 1:  Batches: 1  Memory Usage: 657kB',), ('                                Worker 2:  Batches: 1  Memory Usage: 657kB',), ('                                Worker 3:  Batches: 1  Memory Usage: 657kB',), ('                                ->  Parallel Seq Scan on data_table_5_000_000 f0_0_2  (cost=0.00..44356.20 rows=1250020 width=12) (actual time=0.003..37.350 rows=1000000 loops=5)',), ('                                      Buffers: shared hit=31856',), ('Planning:',), ('  Buffers: shared hit=39',), ('Planning Time: 0.231 ms',), ('JIT:',), ('  Functions: 47',), ('  Options: Inlining true, Optimization true, Expressions true, Deforming true',), ('  Timing: Generation 1.147 ms, Inlining 137.397 ms, Optimization 89.761 ms, Emission 68.647 ms, Total 296.953 ms',), ('Execution Time: 105651.565 ms',)]
ON INDEX:  7
5_000_000/predicate_post/gprom_join.sql
SKIP VALIDATION:  True
analyze result [('Nested Loop  (cost=55874.48..248316917.16 rows=1666862 width=4) (actual time=169.874..105542.289 rows=250000 loops=1)',), ('  Join Filter: (NOT (f0_0."GROUP_0" IS DISTINCT FROM f0_0_1.group_number))',), ('  Rows Removed by Join Filter: 2499750000',), ('  Buffers: shared hit=63712',), ('  ->  Seq Scan on data_table_5_000_000 f0_0_1  (cost=0.00..81856.81 rows=5000081 width=8) (actual time=0.004..263.395 rows=5000000 loops=1)',), ('        Buffers: shared hit=31856',), ('  ->  Materialize  (cost=55874.48..56048.19 rows=3309 width=4) (actual time=0.000..0.010 rows=500 loops=5000000)',), ('        Buffers: shared hit=31856',), ('        ->  Subquery Scan on f0_0  (cost=55874.48..56031.65 rows=3309 width=4) (actual time=169.555..169.967 rows=500 loops=1)',), ('              Buffers: shared hit=31856',), ('              ->  Finalize HashAggregate  (cost=55874.48..55998.56 rows=3309 width=20) (actual time=169.553..169.945 rows=500 loops=1)',), ('                    Group Key: f0_0_2.group_number',), ('                    Filter: (min(f0_0_2.min_value) <= 500)',), ('                    Batches: 1  Memory Usage: 1425kB',), ('                    Rows Removed by Filter: 9500',), ('                    Buffers: shared hit=31856',), ('                    ->  Gather  (cost=51606.30..55675.96 rows=39704 width=12) (actual time=167.559..168.196 rows=12184 loops=1)',), ('                          Workers Planned: 4',), ('                          Workers Launched: 4',), ('                          Buffers: shared hit=31856',), ('                          ->  Partial HashAggregate  (cost=50606.30..50705.56 rows=9926 width=12) (actual time=157.793..157.969 rows=2437 loops=5)',), ('                                Group Key: f0_0_2.group_number',), ('                                Batches: 1  Memory Usage: 529kB',), ('                                Buffers: shared hit=31856',), ('                                Worker 0:  Batches: 1  Memory Usage: 657kB',), ('                                Worker 1:  Batches: 1  Memory Usage: 657kB',), ('                                Worker 2:  Batches: 1  Memory Usage: 657kB',), ('                                Worker 3:  Batches: 1  Memory Usage: 657kB',), ('                                ->  Parallel Seq Scan on data_table_5_000_000 f0_0_2  (cost=0.00..44356.20 rows=1250020 width=12) (actual time=0.003..37.319 rows=1000000 loops=5)',), ('                                      Buffers: shared hit=31856',), ('Planning:',), ('  Buffers: shared hit=39',), ('Planning Time: 0.217 ms',), ('JIT:',), ('  Functions: 47',), ('  Options: Inlining true, Optimization true, Expressions true, Deforming true',), ('  Timing: Generation 1.144 ms, Inlining 137.703 ms, Optimization 90.170 ms, Emission 69.010 ms, Total 298.027 ms',), ('Execution Time: 105560.382 ms',)]
ON INDEX:  8
5_000_000/predicate_post/gprom_join.sql
SKIP VALIDATION:  True
analyze result [('Nested Loop  (cost=55874.48..248316917.16 rows=1666862 width=4) (actual time=169.951..105672.486 rows=250000 loops=1)',), ('  Join Filter: (NOT (f0_0."GROUP_0" IS DISTINCT FROM f0_0_1.group_number))',), ('  Rows Removed by Join Filter: 2499750000',), ('  Buffers: shared hit=63712',), ('  ->  Seq Scan on data_table_5_000_000 f0_0_1  (cost=0.00..81856.81 rows=5000081 width=8) (actual time=0.008..263.431 rows=5000000 loops=1)',), ('        Buffers: shared hit=31856',), ('  ->  Materialize  (cost=55874.48..56048.19 rows=3309 width=4) (actual time=0.000..0.010 rows=500 loops=5000000)',), ('        Buffers: shared hit=31856',), ('        ->  Subquery Scan on f0_0  (cost=55874.48..56031.65 rows=3309 width=4) (actual time=169.624..170.043 rows=500 loops=1)',), ('              Buffers: shared hit=31856',), ('              ->  Finalize HashAggregate  (cost=55874.48..55998.56 rows=3309 width=20) (actual time=169.622..170.019 rows=500 loops=1)',), ('                    Group Key: f0_0_2.group_number',), ('                    Filter: (min(f0_0_2.min_value) <= 500)',), ('                    Batches: 1  Memory Usage: 1425kB',), ('                    Rows Removed by Filter: 9500',), ('                    Buffers: shared hit=31856',), ('                    ->  Gather  (cost=51606.30..55675.96 rows=39704 width=12) (actual time=167.427..168.099 rows=12198 loops=1)',), ('                          Workers Planned: 4',), ('                          Workers Launched: 4',), ('                          Buffers: shared hit=31856',), ('                          ->  Partial HashAggregate  (cost=50606.30..50705.56 rows=9926 width=12) (actual time=158.054..158.230 rows=2440 loops=5)',), ('                                Group Key: f0_0_2.group_number',), ('                                Batches: 1  Memory Usage: 657kB',), ('                                Buffers: shared hit=31856',), ('                                Worker 0:  Batches: 1  Memory Usage: 657kB',), ('                                Worker 1:  Batches: 1  Memory Usage: 657kB',), ('                                Worker 2:  Batches: 1  Memory Usage: 657kB',), ('                                Worker 3:  Batches: 1  Memory Usage: 657kB',), ('                                ->  Parallel Seq Scan on data_table_5_000_000 f0_0_2  (cost=0.00..44356.20 rows=1250020 width=12) (actual time=0.002..37.457 rows=1000000 loops=5)',), ('                                      Buffers: shared hit=31856',), ('Planning:',), ('  Buffers: shared hit=39',), ('Planning Time: 0.221 ms',), ('JIT:',), ('  Functions: 47',), ('  Options: Inlining true, Optimization true, Expressions true, Deforming true',), ('  Timing: Generation 1.121 ms, Inlining 137.836 ms, Optimization 89.710 ms, Emission 68.822 ms, Total 297.488 ms',), ('Execution Time: 105691.073 ms',)]
ON INDEX:  9
5_000_000/predicate_post/gprom_join.sql
SKIP VALIDATION:  True
analyze result [('Nested Loop  (cost=55874.48..248316917.16 rows=1666862 width=4) (actual time=170.093..105552.056 rows=250000 loops=1)',), ('  Join Filter: (NOT (f0_0."GROUP_0" IS DISTINCT FROM f0_0_1.group_number))',), ('  Rows Removed by Join Filter: 2499750000',), ('  Buffers: shared hit=63712',), ('  ->  Seq Scan on data_table_5_000_000 f0_0_1  (cost=0.00..81856.81 rows=5000081 width=8) (actual time=0.005..264.435 rows=5000000 loops=1)',), ('        Buffers: shared hit=31856',), ('  ->  Materialize  (cost=55874.48..56048.19 rows=3309 width=4) (actual time=0.000..0.010 rows=500 loops=5000000)',), ('        Buffers: shared hit=31856',), ('        ->  Subquery Scan on f0_0  (cost=55874.48..56031.65 rows=3309 width=4) (actual time=169.782..170.197 rows=500 loops=1)',), ('              Buffers: shared hit=31856',), ('              ->  Finalize HashAggregate  (cost=55874.48..55998.56 rows=3309 width=20) (actual time=169.780..170.174 rows=500 loops=1)',), ('                    Group Key: f0_0_2.group_number',), ('                    Filter: (min(f0_0_2.min_value) <= 500)',), ('                    Batches: 1  Memory Usage: 1425kB',), ('                    Rows Removed by Filter: 9500',), ('                    Buffers: shared hit=31856',), ('                    ->  Gather  (cost=51606.30..55675.96 rows=39704 width=12) (actual time=167.732..168.379 rows=12183 loops=1)',), ('                          Workers Planned: 4',), ('                          Workers Launched: 4',), ('                          Buffers: shared hit=31856',), ('                          ->  Partial HashAggregate  (cost=50606.30..50705.56 rows=9926 width=12) (actual time=157.954..158.132 rows=2437 loops=5)',), ('                                Group Key: f0_0_2.group_number',), ('                                Batches: 1  Memory Usage: 529kB',), ('                                Buffers: shared hit=31856',), ('                                Worker 0:  Batches: 1  Memory Usage: 657kB',), ('                                Worker 1:  Batches: 1  Memory Usage: 657kB',), ('                                Worker 2:  Batches: 1  Memory Usage: 657kB',), ('                                Worker 3:  Batches: 1  Memory Usage: 657kB',), ('                                ->  Parallel Seq Scan on data_table_5_000_000 f0_0_2  (cost=0.00..44356.20 rows=1250020 width=12) (actual time=0.003..37.348 rows=1000000 loops=5)',), ('                                      Buffers: shared hit=31856',), ('Planning:',), ('  Buffers: shared hit=39',), ('Planning Time: 0.221 ms',), ('JIT:',), ('  Functions: 47',), ('  Options: Inlining true, Optimization true, Expressions true, Deforming true',), ('  Timing: Generation 1.133 ms, Inlining 140.425 ms, Optimization 89.582 ms, Emission 68.964 ms, Total 300.105 ms',), ('Execution Time: 105570.507 ms',)]
ON INDEX:  10
5_000_000/predicate_post/gprom_join.sql
SKIP VALIDATION:  True
analyze result  reinit_state 
--------------
            0
(1 row)

 reinit_state 
--------------
            0
(1 row)

[('Nested Loop  (cost=55874.48..248316917.16 rows=1666862 width=4) (actual time=170.192..106049.261 rows=250000 loops=1)',), ('  Join Filter: (NOT (f0_0."GROUP_0" IS DISTINCT FROM f0_0_1.group_number))',), ('  Rows Removed by Join Filter: 2499750000',), ('  Buffers: shared hit=63712',), ('  ->  Seq Scan on data_table_5_000_000 f0_0_1  (cost=0.00..81856.81 rows=5000081 width=8) (actual time=0.005..257.936 rows=5000000 loops=1)',), ('        Buffers: shared hit=31856',), ('  ->  Materialize  (cost=55874.48..56048.19 rows=3309 width=4) (actual time=0.000..0.010 rows=500 loops=5000000)',), ('        Buffers: shared hit=31856',), ('        ->  Subquery Scan on f0_0  (cost=55874.48..56031.65 rows=3309 width=4) (actual time=169.880..170.309 rows=500 loops=1)',), ('              Buffers: shared hit=31856',), ('              ->  Finalize HashAggregate  (cost=55874.48..55998.56 rows=3309 width=20) (actual time=169.879..170.285 rows=500 loops=1)',), ('                    Group Key: f0_0_2.group_number',), ('                    Filter: (min(f0_0_2.min_value) <= 500)',), ('                    Batches: 1  Memory Usage: 1425kB',), ('                    Rows Removed by Filter: 9500',), ('                    Buffers: shared hit=31856',), ('                    ->  Gather  (cost=51606.30..55675.96 rows=39704 width=12) (actual time=167.882..168.568 rows=12180 loops=1)',), ('                          Workers Planned: 4',), ('                          Workers Launched: 4',), ('                          Buffers: shared hit=31856',), ('                          ->  Partial HashAggregate  (cost=50606.30..50705.56 rows=9926 width=12) (actual time=157.847..158.023 rows=2436 loops=5)',), ('                                Group Key: f0_0_2.group_number',), ('                                Batches: 1  Memory Usage: 529kB',), ('                                Buffers: shared hit=31856',), ('                                Worker 0:  Batches: 1  Memory Usage: 657kB',), ('                                Worker 1:  Batches: 1  Memory Usage: 657kB',), ('                                Worker 2:  Batches: 1  Memory Usage: 657kB',), ('                                Worker 3:  Batches: 1  Memory Usage: 657kB',), ('                                ->  Parallel Seq Scan on data_table_5_000_000 f0_0_2  (cost=0.00..44356.20 rows=1250020 width=12) (actual time=0.002..37.402 rows=1000000 loops=5)',), ('                                      Buffers: shared hit=31856',), ('Planning:',), ('  Buffers: shared hit=39',), ('Planning Time: 0.269 ms',), ('JIT:',), ('  Functions: 47',), ('  Options: Inlining true, Optimization true, Expressions true, Deforming true',), ('  Timing: Generation 1.178 ms, Inlining 137.427 ms, Optimization 90.226 ms, Emission 69.144 ms, Total 297.975 ms',), ('Execution Time: 106068.541 ms',)]
ON INDEX:  11
5_000_000/predicate_post/gprom_join.sql
SKIP VALIDATION:  True
analyze result [('Nested Loop  (cost=55874.48..248316917.16 rows=1666862 width=4) (actual time=169.850..105612.966 rows=250000 loops=1)',), ('  Join Filter: (NOT (f0_0."GROUP_0" IS DISTINCT FROM f0_0_1.group_number))',), ('  Rows Removed by Join Filter: 2499750000',), ('  Buffers: shared hit=63712',), ('  ->  Seq Scan on data_table_5_000_000 f0_0_1  (cost=0.00..81856.81 rows=5000081 width=8) (actual time=0.004..264.794 rows=5000000 loops=1)',), ('        Buffers: shared hit=31856',), ('  ->  Materialize  (cost=55874.48..56048.19 rows=3309 width=4) (actual time=0.000..0.010 rows=500 loops=5000000)',), ('        Buffers: shared hit=31856',), ('        ->  Subquery Scan on f0_0  (cost=55874.48..56031.65 rows=3309 width=4) (actual time=169.538..169.951 rows=500 loops=1)',), ('              Buffers: shared hit=31856',), ('              ->  Finalize HashAggregate  (cost=55874.48..55998.56 rows=3309 width=20) (actual time=169.537..169.928 rows=500 loops=1)',), ('                    Group Key: f0_0_2.group_number',), ('                    Filter: (min(f0_0_2.min_value) <= 500)',), ('                    Batches: 1  Memory Usage: 1425kB',), ('                    Rows Removed by Filter: 9500',), ('                    Buffers: shared hit=31856',), ('                    ->  Gather  (cost=51606.30..55675.96 rows=39704 width=12) (actual time=167.557..168.190 rows=12186 loops=1)',), ('                          Workers Planned: 4',), ('                          Workers Launched: 4',), ('                          Buffers: shared hit=31856',), ('                          ->  Partial HashAggregate  (cost=50606.30..50705.56 rows=9926 width=12) (actual time=157.852..158.029 rows=2437 loops=5)',), ('                                Group Key: f0_0_2.group_number',), ('                                Batches: 1  Memory Usage: 529kB',), ('                                Buffers: shared hit=31856',), ('                                Worker 0:  Batches: 1  Memory Usage: 657kB',), ('                                Worker 1:  Batches: 1  Memory Usage: 657kB',), ('                                Worker 2:  Batches: 1  Memory Usage: 657kB',), ('                                Worker 3:  Batches: 1  Memory Usage: 657kB',), ('                                ->  Parallel Seq Scan on data_table_5_000_000 f0_0_2  (cost=0.00..44356.20 rows=1250020 width=12) (actual time=0.003..37.332 rows=1000000 loops=5)',), ('                                      Buffers: shared hit=31856',), ('Planning:',), ('  Buffers: shared hit=39',), ('Planning Time: 0.216 ms',), ('JIT:',), ('  Functions: 47',), ('  Options: Inlining true, Optimization true, Expressions true, Deforming true',), ('  Timing: Generation 1.152 ms, Inlining 137.576 ms, Optimization 90.240 ms, Emission 69.038 ms, Total 298.007 ms',), ('Execution Time: 105631.238 ms',)]
ON INDEX:  12
5_000_000/predicate_post/gprom_join.sql
SKIP VALIDATION:  True
analyze result [('Nested Loop  (cost=55874.48..248316917.16 rows=1666862 width=4) (actual time=172.045..105548.571 rows=250000 loops=1)',), ('  Join Filter: (NOT (f0_0."GROUP_0" IS DISTINCT FROM f0_0_1.group_number))',), ('  Rows Removed by Join Filter: 2499750000',), ('  Buffers: shared hit=63712',), ('  ->  Seq Scan on data_table_5_000_000 f0_0_1  (cost=0.00..81856.81 rows=5000081 width=8) (actual time=0.005..263.223 rows=5000000 loops=1)',), ('        Buffers: shared hit=31856',), ('  ->  Materialize  (cost=55874.48..56048.19 rows=3309 width=4) (actual time=0.000..0.010 rows=500 loops=5000000)',), ('        Buffers: shared hit=31856',), ('        ->  Subquery Scan on f0_0  (cost=55874.48..56031.65 rows=3309 width=4) (actual time=171.731..172.168 rows=500 loops=1)',), ('              Buffers: shared hit=31856',), ('              ->  Finalize HashAggregate  (cost=55874.48..55998.56 rows=3309 width=20) (actual time=171.729..172.144 rows=500 loops=1)',), ('                    Group Key: f0_0_2.group_number',), ('                    Filter: (min(f0_0_2.min_value) <= 500)',), ('                    Batches: 1  Memory Usage: 1425kB',), ('                    Rows Removed by Filter: 9500',), ('                    Buffers: shared hit=31856',), ('                    ->  Gather  (cost=51606.30..55675.96 rows=39704 width=12) (actual time=169.761..170.423 rows=12194 loops=1)',), ('                          Workers Planned: 4',), ('                          Workers Launched: 4',), ('                          Buffers: shared hit=31856',), ('                          ->  Partial HashAggregate  (cost=50606.30..50705.56 rows=9926 width=12) (actual time=159.746..159.922 rows=2439 loops=5)',), ('                                Group Key: f0_0_2.group_number',), ('                                Batches: 1  Memory Usage: 529kB',), ('                                Buffers: shared hit=31856',), ('                                Worker 0:  Batches: 1  Memory Usage: 657kB',), ('                                Worker 1:  Batches: 1  Memory Usage: 657kB',), ('                                Worker 2:  Batches: 1  Memory Usage: 657kB',), ('                                Worker 3:  Batches: 1  Memory Usage: 657kB',), ('                                ->  Parallel Seq Scan on data_table_5_000_000 f0_0_2  (cost=0.00..44356.20 rows=1250020 width=12) (actual time=0.003..37.700 rows=1000000 loops=5)',), ('                                      Buffers: shared hit=31856',), ('Planning:',), ('  Buffers: shared hit=39',), ('Planning Time: 0.217 ms',), ('JIT:',), ('  Functions: 47',), ('  Options: Inlining true, Optimization true, Expressions true, Deforming true',), ('  Timing: Generation 1.141 ms, Inlining 142.163 ms, Optimization 90.544 ms, Emission 68.797 ms, Total 302.645 ms',), ('Execution Time: 105566.792 ms',)]
ON INDEX:  13
5_000_000/predicate_post/gprom_join.sql
SKIP VALIDATION:  True
analyze result [('Nested Loop  (cost=55874.48..248316917.16 rows=1666862 width=4) (actual time=169.954..105507.323 rows=250000 loops=1)',), ('  Join Filter: (NOT (f0_0."GROUP_0" IS DISTINCT FROM f0_0_1.group_number))',), ('  Rows Removed by Join Filter: 2499750000',), ('  Buffers: shared hit=63712',), ('  ->  Seq Scan on data_table_5_000_000 f0_0_1  (cost=0.00..81856.81 rows=5000081 width=8) (actual time=0.005..264.647 rows=5000000 loops=1)',), ('        Buffers: shared hit=31856',), ('  ->  Materialize  (cost=55874.48..56048.19 rows=3309 width=4) (actual time=0.000..0.010 rows=500 loops=5000000)',), ('        Buffers: shared hit=31856',), ('        ->  Subquery Scan on f0_0  (cost=55874.48..56031.65 rows=3309 width=4) (actual time=169.643..170.046 rows=500 loops=1)',), ('              Buffers: shared hit=31856',), ('              ->  Finalize HashAggregate  (cost=55874.48..55998.56 rows=3309 width=20) (actual time=169.641..170.024 rows=500 loops=1)',), ('                    Group Key: f0_0_2.group_number',), ('                    Filter: (min(f0_0_2.min_value) <= 500)',), ('                    Batches: 1  Memory Usage: 1425kB',), ('                    Rows Removed by Filter: 9500',), ('                    Buffers: shared hit=31856',), ('                    ->  Gather  (cost=51606.30..55675.96 rows=39704 width=12) (actual time=167.669..168.292 rows=12184 loops=1)',), ('                          Workers Planned: 4',), ('                          Workers Launched: 4',), ('                          Buffers: shared hit=31856',), ('                          ->  Partial HashAggregate  (cost=50606.30..50705.56 rows=9926 width=12) (actual time=157.866..158.041 rows=2437 loops=5)',), ('                                Group Key: f0_0_2.group_number',), ('                                Batches: 1  Memory Usage: 529kB',), ('                                Buffers: shared hit=31856',), ('                                Worker 0:  Batches: 1  Memory Usage: 657kB',), ('                                Worker 1:  Batches: 1  Memory Usage: 657kB',), ('                                Worker 2:  Batches: 1  Memory Usage: 657kB',), ('                                Worker 3:  Batches: 1  Memory Usage: 657kB',), ('                                ->  Parallel Seq Scan on data_table_5_000_000 f0_0_2  (cost=0.00..44356.20 rows=1250020 width=12) (actual time=0.002..37.356 rows=1000000 loops=5)',), ('                                      Buffers: shared hit=31856',), ('Planning:',), ('  Buffers: shared hit=39',), ('Planning Time: 0.223 ms',), ('JIT:',), ('  Functions: 47',), ('  Options: Inlining true, Optimization true, Expressions true, Deforming true',), ('  Timing: Generation 1.137 ms, Inlining 137.479 ms, Optimization 90.442 ms, Emission 69.079 ms, Total 298.137 ms',), ('Execution Time: 105525.500 ms',)]
ON INDEX:  14
5_000_000/predicate_post/gprom_join.sql
SKIP VALIDATION:  True
analyze result [('Nested Loop  (cost=55874.48..248316917.16 rows=1666862 width=4) (actual time=169.680..105651.111 rows=250000 loops=1)',), ('  Join Filter: (NOT (f0_0."GROUP_0" IS DISTINCT FROM f0_0_1.group_number))',), ('  Rows Removed by Join Filter: 2499750000',), ('  Buffers: shared hit=63712',), ('  ->  Seq Scan on data_table_5_000_000 f0_0_1  (cost=0.00..81856.81 rows=5000081 width=8) (actual time=0.005..262.001 rows=5000000 loops=1)',), ('        Buffers: shared hit=31856',), ('  ->  Materialize  (cost=55874.48..56048.19 rows=3309 width=4) (actual time=0.000..0.010 rows=500 loops=5000000)',), ('        Buffers: shared hit=31856',), ('        ->  Subquery Scan on f0_0  (cost=55874.48..56031.65 rows=3309 width=4) (actual time=169.367..169.776 rows=500 loops=1)',), ('              Buffers: shared hit=31856',), ('              ->  Finalize HashAggregate  (cost=55874.48..55998.56 rows=3309 width=20) (actual time=169.365..169.753 rows=500 loops=1)',), ('                    Group Key: f0_0_2.group_number',), ('                    Filter: (min(f0_0_2.min_value) <= 500)',), ('                    Batches: 1  Memory Usage: 1425kB',), ('                    Rows Removed by Filter: 9500',), ('                    Buffers: shared hit=31856',), ('                    ->  Gather  (cost=51606.30..55675.96 rows=39704 width=12) (actual time=167.391..168.046 rows=12182 loops=1)',), ('                          Workers Planned: 4',), ('                          Workers Launched: 4',), ('                          Buffers: shared hit=31856',), ('                          ->  Partial HashAggregate  (cost=50606.30..50705.56 rows=9926 width=12) (actual time=157.637..157.813 rows=2436 loops=5)',), ('                                Group Key: f0_0_2.group_number',), ('                                Batches: 1  Memory Usage: 529kB',), ('                                Buffers: shared hit=31856',), ('                                Worker 0:  Batches: 1  Memory Usage: 657kB',), ('                                Worker 1:  Batches: 1  Memory Usage: 657kB',), ('                                Worker 2:  Batches: 1  Memory Usage: 657kB',), ('                                Worker 3:  Batches: 1  Memory Usage: 657kB',), ('                                ->  Parallel Seq Scan on data_table_5_000_000 f0_0_2  (cost=0.00..44356.20 rows=1250020 width=12) (actual time=0.003..37.338 rows=1000000 loops=5)',), ('                                      Buffers: shared hit=31856',), ('Planning:',), ('  Buffers: shared hit=39',), ('Planning Time: 0.223 ms',), ('JIT:',), ('  Functions: 47',), ('  Options: Inlining true, Optimization true, Expressions true, Deforming true',), ('  Timing: Generation 1.142 ms, Inlining 137.183 ms, Optimization 90.397 ms, Emission 69.117 ms, Total 297.839 ms',), ('Execution Time: 105669.472 ms',)]
{'result': {'5_000_000': {'predicate_post': {'base_selectivity_5.0': {'base': [0.69, 0.69, 0.69, 0.69, 0.69, 0.69, 0.69, 0.69, 0.69, 0.69], 'materialize': [], 'extras': []}, 'gprom_join_selectivity_5.0': {'base': [0.69, 0.69, 0.69, 0.69, 0.69, 0.69, 0.69, 0.69, 0.69, 0.69], 'materialize': [], 'extras': []}}}}, 'time_taken': 1588.8302542921156, 'db': 'microbench_selectivity_10000', 'stats': {'version': {'version': 'PostgreSQL 16.3 on aarch64-apple-darwin23.5.0, compiled by clang version 16.0.6, 64-bit'}, 'settings': {'allow_in_place_tablespaces': 'off', 'allow_system_table_mods': 'off', 'application_name': '', 'archive_cleanup_command': '', 'archive_command': '(disabled)', 'archive_library': '', 'archive_mode': 'off', 'archive_timeout': '0', 'array_nulls': 'on', 'authentication_timeout': '1min', 'autovacuum': 'on', 'autovacuum_analyze_scale_factor': '0.1', 'autovacuum_analyze_threshold': '50', 'autovacuum_freeze_max_age': '200000000', 'autovacuum_max_workers': '3', 'autovacuum_multixact_freeze_max_age': '400000000', 'autovacuum_naptime': '1min', 'autovacuum_vacuum_cost_delay': '2ms', 'autovacuum_vacuum_cost_limit': '-1', 'autovacuum_vacuum_insert_scale_factor': '0.2', 'autovacuum_vacuum_insert_threshold': '1000', 'autovacuum_vacuum_scale_factor': '0.2', 'autovacuum_vacuum_threshold': '50', 'autovacuum_work_mem': '-1', 'backend_flush_after': '0', 'backslash_quote': 'safe_encoding', 'backtrace_functions': '', 'bgwriter_delay': '200ms', 'bgwriter_flush_after': '0', 'bgwriter_lru_maxpages': '100', 'bgwriter_lru_multiplier': '2', 'block_size': '8192', 'bonjour': 'off', 'bonjour_name': '', 'bytea_output': 'hex', 'check_function_bodies': 'on', 'checkpoint_completion_target': '0.9', 'checkpoint_flush_after': '0', 'checkpoint_timeout': '1d', 'checkpoint_warning': '30s', 'client_connection_check_interval': '0', 'client_encoding': 'SQL_ASCII', 'client_min_messages': 'notice', 'cluster_name': '', 'commit_delay': '0', 'commit_siblings': '5', 'compute_query_id': 'auto', 'config_file': '/Users/uicdbgroup/vinny/pg_data_microbench_selectivity/postgresql.conf', 'constraint_exclusion': 'partition', 'cpu_index_tuple_cost': '0.005', 'cpu_operator_cost': '0.0025', 'cpu_tuple_cost': '0.01', 'createrole_self_grant': '', 'cursor_tuple_fraction': '0.1', 'data_checksums': 'off', 'data_directory': '/Users/uicdbgroup/vinny/pg_data_microbench_selectivity', 'data_directory_mode': '0700', 'data_sync_retry': 'off', 'DateStyle': 'ISO, MDY', 'db_user_namespace': 'off', 'deadlock_timeout': '1s', 'debug_assertions': 'off', 'debug_discard_caches': '0', 'debug_io_direct': '', 'debug_logical_replication_streaming': 'buffered', 'debug_parallel_query': 'off', 'debug_pretty_print': 'on', 'debug_print_parse': 'off', 'debug_print_plan': 'off', 'debug_print_rewritten': 'off', 'default_statistics_target': '100', 'default_table_access_method': 'heap', 'default_tablespace': '', 'default_text_search_config': 'pg_catalog.english', 'default_toast_compression': 'pglz', 'default_transaction_deferrable': 'off', 'default_transaction_isolation': 'read committed', 'default_transaction_read_only': 'off', 'dynamic_library_path': '$libdir', 'dynamic_shared_memory_type': 'posix', 'effective_cache_size': '48GB', 'effective_io_concurrency': '0', 'enable_async_append': 'on', 'enable_bitmapscan': 'on', 'enable_gathermerge': 'on', 'enable_hashagg': 'on', 'enable_hashjoin': 'on', 'enable_incremental_sort': 'on', 'enable_indexonlyscan': 'on', 'enable_indexscan': 'on', 'enable_material': 'on', 'enable_memoize': 'on', 'enable_mergejoin': 'on', 'enable_nestloop': 'on', 'enable_parallel_append': 'on', 'enable_parallel_hash': 'on', 'enable_partition_pruning': 'on', 'enable_partitionwise_aggregate': 'off', 'enable_partitionwise_join': 'off', 'enable_presorted_aggregate': 'on', 'enable_seqscan': 'on', 'enable_sort': 'on', 'enable_tidscan': 'on', 'escape_string_warning': 'on', 'event_source': 'PostgreSQL', 'exit_on_error': 'off', 'external_pid_file': '', 'extra_float_digits': '1', 'from_collapse_limit': '8', 'fsync': 'on', 'full_page_writes': 'on', 'geqo': 'on', 'geqo_effort': '5', 'geqo_generations': '0', 'geqo_pool_size': '0', 'geqo_seed': '0', 'geqo_selection_bias': '2', 'geqo_threshold': '12', 'gin_fuzzy_search_limit': '0', 'gin_pending_list_limit': '4MB', 'gss_accept_delegation': 'off', 'hash_mem_multiplier': '2', 'hba_file': '/Users/uicdbgroup/vinny/pg_data_microbench_selectivity/pg_hba.conf', 'hot_standby': 'on', 'hot_standby_feedback': 'off', 'huge_page_size': '0', 'huge_pages': 'try', 'icu_validation_level': 'warning', 'ident_file': '/Users/uicdbgroup/vinny/pg_data_microbench_selectivity/pg_ident.conf', 'idle_in_transaction_session_timeout': '0', 'idle_session_timeout': '0', 'ignore_checksum_failure': 'off', 'ignore_invalid_pages': 'off', 'ignore_system_indexes': 'off', 'in_hot_standby': 'off', 'integer_datetimes': 'on', 'IntervalStyle': 'postgres', 'jit': 'on', 'jit_above_cost': '100000', 'jit_debugging_support': 'off', 'jit_dump_bitcode': 'off', 'jit_expressions': 'on', 'jit_inline_above_cost': '500000', 'jit_optimize_above_cost': '500000', 'jit_profiling_support': 'off', 'jit_provider': 'llvmjit', 'jit_tuple_deforming': 'on', 'join_collapse_limit': '8', 'krb_caseins_users': 'off', 'krb_server_keyfile': 'FILE:/etc/postgresql/krb5.keytab', 'lc_messages': 'C', 'lc_monetary': 'C', 'lc_numeric': 'C', 'lc_time': 'C', 'listen_addresses': 'localhost', 'lo_compat_privileges': 'off', 'local_preload_libraries': '', 'lock_timeout': '0', 'log_autovacuum_min_duration': '10min', 'log_checkpoints': 'on', 'log_connections': 'off', 'log_destination': 'stderr', 'log_directory': 'log', 'log_disconnections': 'off', 'log_duration': 'off', 'log_error_verbosity': 'default', 'log_executor_stats': 'off', 'log_file_mode': '0600', 'log_filename': 'postgresql-%Y-%m-%d_%H%M%S.log', 'log_hostname': 'off', 'log_line_prefix': '%m [%p] ', 'log_lock_waits': 'off', 'log_min_duration_sample': '-1', 'log_min_duration_statement': '-1', 'log_min_error_statement': 'error', 'log_min_messages': 'warning', 'log_parameter_max_length': '-1', 'log_parameter_max_length_on_error': '0', 'log_parser_stats': 'off', 'log_planner_stats': 'off', 'log_recovery_conflict_waits': 'off', 'log_replication_commands': 'off', 'log_rotation_age': '1d', 'log_rotation_size': '10MB', 'log_startup_progress_interval': '10s', 'log_statement': 'none', 'log_statement_sample_rate': '1', 'log_statement_stats': 'off', 'log_temp_files': '-1', 'log_timezone': 'America/Chicago', 'log_transaction_sample_rate': '0', 'log_truncate_on_rotation': 'off', 'logging_collector': 'off', 'logical_decoding_work_mem': '64MB', 'maintenance_io_concurrency': '0', 'maintenance_work_mem': '64MB', 'max_connections': '100', 'max_files_per_process': '1000', 'max_function_args': '100', 'max_identifier_length': '63', 'max_index_keys': '32', 'max_locks_per_transaction': '64', 'max_logical_replication_workers': '4', 'max_parallel_apply_workers_per_subscription': '2', 'max_parallel_maintenance_workers': '8', 'max_parallel_workers': '8', 'max_parallel_workers_per_gather': '8', 'max_pred_locks_per_page': '2', 'max_pred_locks_per_relation': '-2', 'max_pred_locks_per_transaction': '64', 'max_prepared_transactions': '0', 'max_replication_slots': '10', 'max_slot_wal_keep_size': '-1', 'max_stack_depth': '2MB', 'max_standby_archive_delay': '30s', 'max_standby_streaming_delay': '30s', 'max_sync_workers_per_subscription': '2', 'max_wal_senders': '10', 'max_wal_size': '1GB', 'max_worker_processes': '8', 'min_dynamic_shared_memory': '0', 'min_parallel_index_scan_size': '512kB', 'min_parallel_table_scan_size': '8MB', 'min_wal_size': '80MB', 'old_snapshot_threshold': '-1', 'parallel_leader_participation': 'on', 'parallel_setup_cost': '1000', 'parallel_tuple_cost': '0.1', 'password_encryption': 'scram-sha-256', 'plan_cache_mode': 'auto', 'port': '5460', 'post_auth_delay': '0', 'pre_auth_delay': '0', 'primary_conninfo': '', 'primary_slot_name': '', 'quote_all_identifiers': 'off', 'random_page_cost': '4', 'recovery_end_command': '', 'recovery_init_sync_method': 'fsync', 'recovery_min_apply_delay': '0', 'recovery_prefetch': 'try', 'recovery_target': '', 'recovery_target_action': 'pause', 'recovery_target_inclusive': 'on', 'recovery_target_lsn': '', 'recovery_target_name': '', 'recovery_target_time': '', 'recovery_target_timeline': 'latest', 'recovery_target_xid': '', 'recursive_worktable_factor': '10', 'remove_temp_files_after_crash': 'on', 'reserved_connections': '0', 'restart_after_crash': 'on', 'restore_command': '', 'row_security': 'on', 'scram_iterations': '4096', 'search_path': '"$user", public', 'segment_size': '1GB', 'send_abort_for_crash': 'off', 'send_abort_for_kill': 'off', 'seq_page_cost': '1', 'server_encoding': 'SQL_ASCII', 'server_version': '16.3', 'server_version_num': '160003', 'session_preload_libraries': '', 'session_replication_role': 'origin', 'shared_buffers': '20GB', 'shared_memory_size': '20949MB', 'shared_memory_size_in_huge_pages': '-1', 'shared_memory_type': 'mmap', 'shared_preload_libraries': '', 'ssl': 'off', 'ssl_ca_file': '', 'ssl_cert_file': 'server.crt', 'ssl_ciphers': 'HIGH:MEDIUM:+3DES:!aNULL', 'ssl_crl_dir': '', 'ssl_crl_file': '', 'ssl_dh_params_file': '', 'ssl_ecdh_curve': 'prime256v1', 'ssl_key_file': 'server.key', 'ssl_library': 'OpenSSL', 'ssl_max_protocol_version': '', 'ssl_min_protocol_version': 'TLSv1.2', 'ssl_passphrase_command': '', 'ssl_passphrase_command_supports_reload': 'off', 'ssl_prefer_server_ciphers': 'on', 'standard_conforming_strings': 'on', 'statement_timeout': '0', 'stats_fetch_consistency': 'cache', 'superuser_reserved_connections': '3', 'synchronize_seqscans': 'on', 'synchronous_commit': 'on', 'synchronous_standby_names': '', 'syslog_facility': 'local0', 'syslog_ident': 'postgres', 'syslog_sequence_numbers': 'on', 'syslog_split_messages': 'on', 'tcp_keepalives_count': '8', 'tcp_keepalives_idle': '7200', 'tcp_keepalives_interval': '75', 'tcp_user_timeout': '0', 'temp_buffers': '4GB', 'temp_file_limit': '-1', 'temp_tablespaces': '', 'TimeZone': 'America/Chicago', 'timezone_abbreviations': 'Default', 'trace_notify': 'off', 'trace_recovery_messages': 'log', 'trace_sort': 'off', 'track_activities': 'on', 'track_activity_query_size': '1kB', 'track_commit_timestamp': 'off', 'track_counts': 'on', 'track_functions': 'none', 'track_io_timing': 'off', 'track_wal_io_timing': 'off', 'transaction_deferrable': 'off', 'transaction_isolation': 'read committed', 'transaction_read_only': 'off', 'transform_null_equals': 'off', 'unix_socket_directories': '/tmp', 'unix_socket_group': '', 'unix_socket_permissions': '0777', 'update_process_title': 'on', 'vacuum_buffer_usage_limit': '256kB', 'vacuum_cost_delay': '0', 'vacuum_cost_limit': '200', 'vacuum_cost_page_dirty': '20', 'vacuum_cost_page_hit': '1', 'vacuum_cost_page_miss': '2', 'vacuum_failsafe_age': '1600000000', 'vacuum_freeze_min_age': '50000000', 'vacuum_freeze_table_age': '150000000', 'vacuum_multixact_failsafe_age': '1600000000', 'vacuum_multixact_freeze_min_age': '5000000', 'vacuum_multixact_freeze_table_age': '150000000', 'wal_block_size': '8192', 'wal_buffers': '16MB', 'wal_compression': 'off', 'wal_consistency_checking': '', 'wal_decode_buffer_size': '512kB', 'wal_init_zero': 'on', 'wal_keep_size': '0', 'wal_level': 'replica', 'wal_log_hints': 'off', 'wal_receiver_create_temp_slot': 'off', 'wal_receiver_status_interval': '10s', 'wal_receiver_timeout': '1min', 'wal_recycle': 'on', 'wal_retrieve_retry_interval': '5s', 'wal_segment_size': '16MB', 'wal_sender_timeout': '1min', 'wal_skip_threshold': '2MB', 'wal_sync_method': 'open_datasync', 'wal_writer_delay': '200ms', 'wal_writer_flush_after': '1MB', 'work_mem': '2GB', 'xmlbinary': 'base64', 'xmloption': 'content', 'zero_damaged_pages': 'off'}, 'stat_views': {'pg_statio_user_indexes': [], 'pg_stat_bgwriter': [{'checkpoints_timed': 870, 'checkpoints_req': 27, 'checkpoint_write_time': 6585129.0, 'checkpoint_sync_time': 4528.0, 'buffers_checkpoint': 84509, 'buffers_clean': 14181, 'maxwritten_clean': 0, 'buffers_backend': 4686556, 'buffers_backend_fsync': 0, 'buffers_alloc': 10374552, 'stats_reset': datetime.datetime(2025, 10, 22, 13, 23, 44, 22504, tzinfo=datetime.timezone(datetime.timedelta(days=-1, seconds=68400)))}], 'pg_stat_user_tables': [{'relid': 19166, 'schemaname': 'public', 'relname': 'data_table_100_000_000', 'seq_scan': 14677, 'last_seq_scan': datetime.datetime(2025, 10, 28, 12, 4, 26, 474139, tzinfo=datetime.timezone(datetime.timedelta(days=-1, seconds=68400))), 'seq_tup_read': 260006323222, 'idx_scan': None, 'last_idx_scan': None, 'idx_tup_fetch': None, 'n_tup_ins': 100000000, 'n_tup_upd': 0, 'n_tup_del': 0, 'n_tup_hot_upd': 0, 'n_tup_newpage_upd': 0, 'n_live_tup': 100001898, 'n_dead_tup': 0, 'n_mod_since_analyze': 0, 'n_ins_since_vacuum': 0, 'last_vacuum': None, 'last_autovacuum': datetime.datetime(2025, 10, 22, 22, 47, 16, 705603, tzinfo=datetime.timezone(datetime.timedelta(days=-1, seconds=68400))), 'last_analyze': datetime.datetime(2025, 10, 30, 9, 22, 45, 221147, tzinfo=datetime.timezone(datetime.timedelta(days=-1, seconds=68400))), 'last_autoanalyze': datetime.datetime(2025, 10, 22, 22, 47, 18, 38713, tzinfo=datetime.timezone(datetime.timedelta(days=-1, seconds=68400))), 'vacuum_count': 0, 'autovacuum_count': 1, 'analyze_count': 51, 'autoanalyze_count': 1}, {'relid': 19174, 'schemaname': 'public', 'relname': 'data_table_1_000_000', 'seq_scan': 7524, 'last_seq_scan': datetime.datetime(2025, 10, 26, 12, 6, 52, 334878, tzinfo=datetime.timezone(datetime.timedelta(days=-1, seconds=68400))), 'seq_tup_read': 3254000000, 'idx_scan': None, 'last_idx_scan': None, 'idx_tup_fetch': None, 'n_tup_ins': 1000000, 'n_tup_upd': 0, 'n_tup_del': 0, 'n_tup_hot_upd': 0, 'n_tup_newpage_upd': 0, 'n_live_tup': 1000000, 'n_dead_tup': 0, 'n_mod_since_analyze': 0, 'n_ins_since_vacuum': 0, 'last_vacuum': None, 'last_autovacuum': datetime.datetime(2025, 10, 22, 22, 43, 19, 978009, tzinfo=datetime.timezone(datetime.timedelta(days=-1, seconds=68400))), 'last_analyze': datetime.datetime(2025, 10, 30, 9, 22, 45, 350191, tzinfo=datetime.timezone(datetime.timedelta(days=-1, seconds=68400))), 'last_autoanalyze': datetime.datetime(2025, 10, 22, 22, 43, 20, 413076, tzinfo=datetime.timezone(datetime.timedelta(days=-1, seconds=68400))), 'vacuum_count': 0, 'autovacuum_count': 1, 'analyze_count': 51, 'autoanalyze_count': 1}, {'relid': 19170, 'schemaname': 'public', 'relname': 'data_table_10_000_000', 'seq_scan': 12634, 'last_seq_scan': datetime.datetime(2025, 10, 28, 13, 27, 47, 65901, tzinfo=datetime.timezone(datetime.timedelta(days=-1, seconds=68400))), 'seq_tup_read': 34649973547, 'idx_scan': None, 'last_idx_scan': None, 'idx_tup_fetch': None, 'n_tup_ins': 10000000, 'n_tup_upd': 0, 'n_tup_del': 0, 'n_tup_hot_upd': 0, 'n_tup_newpage_upd': 0, 'n_live_tup': 10000627, 'n_dead_tup': 0, 'n_mod_since_analyze': 0, 'n_ins_since_vacuum': 0, 'last_vacuum': None, 'last_autovacuum': datetime.datetime(2025, 10, 22, 22, 43, 13, 974151, tzinfo=datetime.timezone(datetime.timedelta(days=-1, seconds=68400))), 'last_analyze': datetime.datetime(2025, 10, 30, 9, 22, 45, 320961, tzinfo=datetime.timezone(datetime.timedelta(days=-1, seconds=68400))), 'last_autoanalyze': datetime.datetime(2025, 10, 22, 22, 43, 16, 33845, tzinfo=datetime.timezone(datetime.timedelta(days=-1, seconds=68400))), 'vacuum_count': 0, 'autovacuum_count': 1, 'analyze_count': 51, 'autoanalyze_count': 1}, {'relid': 19182, 'schemaname': 'public', 'relname': 'data_table_5_000_000', 'seq_scan': 15077, 'last_seq_scan': datetime.datetime(2025, 10, 30, 9, 49, 13, 318003, tzinfo=datetime.timezone(datetime.timedelta(days=-1, seconds=68400))), 'seq_tup_read': 21296251255, 'idx_scan': None, 'last_idx_scan': None, 'idx_tup_fetch': None, 'n_tup_ins': 5000000, 'n_tup_upd': 0, 'n_tup_del': 0, 'n_tup_hot_upd': 0, 'n_tup_newpage_upd': 0, 'n_live_tup': 5000081, 'n_dead_tup': 0, 'n_mod_since_analyze': 0, 'n_ins_since_vacuum': 0, 'last_vacuum': None, 'last_autovacuum': datetime.datetime(2025, 10, 22, 22, 44, 1, 705538, tzinfo=datetime.timezone(datetime.timedelta(days=-1, seconds=68400))), 'last_analyze': datetime.datetime(2025, 10, 30, 9, 22, 45, 537803, tzinfo=datetime.timezone(datetime.timedelta(days=-1, seconds=68400))), 'last_autoanalyze': datetime.datetime(2025, 10, 22, 22, 44, 4, 457269, tzinfo=datetime.timezone(datetime.timedelta(days=-1, seconds=68400))), 'vacuum_count': 0, 'autovacuum_count': 1, 'analyze_count': 51, 'autoanalyze_count': 1}, {'relid': 19178, 'schemaname': 'public', 'relname': 'data_table_50_000_000', 'seq_scan': 13374, 'last_seq_scan': datetime.datetime(2025, 10, 29, 19, 41, 25, 729555, tzinfo=datetime.timezone(datetime.timedelta(days=-1, seconds=68400))), 'seq_tup_read': 145887700662, 'idx_scan': None, 'last_idx_scan': None, 'idx_tup_fetch': None, 'n_tup_ins': 50000000, 'n_tup_upd': 0, 'n_tup_del': 0, 'n_tup_hot_upd': 0, 'n_tup_newpage_upd': 0, 'n_live_tup': 49999716, 'n_dead_tup': 0, 'n_mod_since_analyze': 0, 'n_ins_since_vacuum': 0, 'last_vacuum': None, 'last_autovacuum': datetime.datetime(2025, 10, 22, 22, 46, 50, 940637, tzinfo=datetime.timezone(datetime.timedelta(days=-1, seconds=68400))), 'last_analyze': datetime.datetime(2025, 10, 30, 9, 22, 45, 455155, tzinfo=datetime.timezone(datetime.timedelta(days=-1, seconds=68400))), 'last_autoanalyze': datetime.datetime(2025, 10, 22, 22, 46, 53, 87820, tzinfo=datetime.timezone(datetime.timedelta(days=-1, seconds=68400))), 'vacuum_count': 0, 'autovacuum_count': 1, 'analyze_count': 51, 'autoanalyze_count': 1}], 'pg_stat_database_conflicts': [{'datid': 5, 'datname': 'postgres', 'confl_tablespace': 0, 'confl_lock': 0, 'confl_snapshot': 0, 'confl_bufferpin': 0, 'confl_deadlock': 0, 'confl_active_logicalslot': 0}, {'datid': 1, 'datname': 'template1', 'confl_tablespace': 0, 'confl_lock': 0, 'confl_snapshot': 0, 'confl_bufferpin': 0, 'confl_deadlock': 0, 'confl_active_logicalslot': 0}, {'datid': 4, 'datname': 'template0', 'confl_tablespace': 0, 'confl_lock': 0, 'confl_snapshot': 0, 'confl_bufferpin': 0, 'confl_deadlock': 0, 'confl_active_logicalslot': 0}, {'datid': 16389, 'datname': 'playground', 'confl_tablespace': 0, 'confl_lock': 0, 'confl_snapshot': 0, 'confl_bufferpin': 0, 'confl_deadlock': 0, 'confl_active_logicalslot': 0}, {'datid': 16388, 'datname': 'tpch_01_v01', 'confl_tablespace': 0, 'confl_lock': 0, 'confl_snapshot': 0, 'confl_bufferpin': 0, 'confl_deadlock': 0, 'confl_active_logicalslot': 0}, {'datid': 18818, 'datname': 'microbench_selectivity_1000', 'confl_tablespace': 0, 'confl_lock': 0, 'confl_snapshot': 0, 'confl_bufferpin': 0, 'confl_deadlock': 0, 'confl_active_logicalslot': 0}, {'datid': 19165, 'datname': 'microbench_selectivity_10000', 'confl_tablespace': 0, 'confl_lock': 0, 'confl_snapshot': 0, 'confl_bufferpin': 0, 'confl_deadlock': 0, 'confl_active_logicalslot': 0}], 'pg_statio_user_tables': [{'relid': 19166, 'schemaname': 'public', 'relname': 'data_table_100_000_000', 'heap_blks_read': 3635964, 'heap_blks_hit': 1657350769, 'idx_blks_read': None, 'idx_blks_hit': None, 'toast_blks_read': None, 'toast_blks_hit': None, 'tidx_blks_read': None, 'tidx_blks_hit': None}, {'relid': 19170, 'schemaname': 'public', 'relname': 'data_table_10_000_000', 'heap_blks_read': 1216399, 'heap_blks_hit': 221485868, 'idx_blks_read': None, 'idx_blks_hit': None, 'toast_blks_read': None, 'toast_blks_hit': None, 'tidx_blks_read': None, 'tidx_blks_hit': None}, {'relid': 19174, 'schemaname': 'public', 'relname': 'data_table_1_000_000', 'heap_blks_read': 232632, 'heap_blks_hit': 20905440, 'idx_blks_read': None, 'idx_blks_hit': None, 'toast_blks_read': None, 'toast_blks_hit': None, 'tidx_blks_read': None, 'tidx_blks_hit': None}, {'relid': 19178, 'schemaname': 'public', 'relname': 'data_table_50_000_000', 'heap_blks_read': 2764939, 'heap_blks_hit': 929759031, 'idx_blks_read': None, 'idx_blks_hit': None, 'toast_blks_read': None, 'toast_blks_hit': None, 'tidx_blks_read': None, 'tidx_blks_hit': None}, {'relid': 19182, 'schemaname': 'public', 'relname': 'data_table_5_000_000', 'heap_blks_read': 511259, 'heap_blks_hit': 136893808, 'idx_blks_read': None, 'idx_blks_hit': None, 'toast_blks_read': None, 'toast_blks_hit': None, 'tidx_blks_read': None, 'tidx_blks_hit': None}], 'pg_stat_user_indexes': [], 'pg_stat_archiver': [{'archived_count': 0, 'last_archived_wal': None, 'last_archived_time': None, 'failed_count': 0, 'last_failed_wal': None, 'last_failed_time': None, 'stats_reset': datetime.datetime(2025, 10, 22, 13, 23, 44, 22504, tzinfo=datetime.timezone(datetime.timedelta(days=-1, seconds=68400)))}], 'pg_stat_database': [{'datid': 0, 'datname': None, 'numbackends': 0, 'xact_commit': 0, 'xact_rollback': 0, 'blks_read': 265, 'blks_hit': 2148114, 'tup_returned': 576990, 'tup_fetched': 487116, 'tup_inserted': 10976, 'tup_updated': 6, 'tup_deleted': 9177, 'conflicts': 0, 'temp_files': 0, 'temp_bytes': 0, 'deadlocks': 0, 'checksum_failures': None, 'checksum_last_failure': None, 'blk_read_time': 0.0, 'blk_write_time': 0.0, 'session_time': 0.0, 'active_time': 0.0, 'idle_in_transaction_time': 0.0, 'sessions': 0, 'sessions_abandoned': 0, 'sessions_fatal': 0, 'sessions_killed': 0, 'stats_reset': None}, {'datid': 5, 'datname': 'postgres', 'numbackends': 0, 'xact_commit': 5674, 'xact_rollback': 6, 'blks_read': 869, 'blks_hit': 224251, 'tup_returned': 2396293, 'tup_fetched': 54009, 'tup_inserted': 7, 'tup_updated': 133, 'tup_deleted': 0, 'conflicts': 0, 'temp_files': 0, 'temp_bytes': 0, 'deadlocks': 0, 'checksum_failures': None, 'checksum_last_failure': None, 'blk_read_time': 0.0, 'blk_write_time': 0.0, 'session_time': 28453202.583, 'active_time': 322.652, 'idle_in_transaction_time': 0.0, 'sessions': 41, 'sessions_abandoned': 1, 'sessions_fatal': 0, 'sessions_killed': 0, 'stats_reset': None}, {'datid': 1, 'datname': 'template1', 'numbackends': 0, 'xact_commit': 7360, 'xact_rollback': 0, 'blks_read': 1608, 'blks_hit': 346421, 'tup_returned': 2884608, 'tup_fetched': 84131, 'tup_inserted': 17973, 'tup_updated': 908, 'tup_deleted': 34, 'conflicts': 0, 'temp_files': 0, 'temp_bytes': 0, 'deadlocks': 0, 'checksum_failures': None, 'checksum_last_failure': None, 'blk_read_time': 0.0, 'blk_write_time': 0.0, 'session_time': 345905.077, 'active_time': 274.871, 'idle_in_transaction_time': 0.0, 'sessions': 10, 'sessions_abandoned': 0, 'sessions_fatal': 0, 'sessions_killed': 0, 'stats_reset': None}, {'datid': 4, 'datname': 'template0', 'numbackends': 0, 'xact_commit': 0, 'xact_rollback': 0, 'blks_read': 0, 'blks_hit': 0, 'tup_returned': 0, 'tup_fetched': 0, 'tup_inserted': 0, 'tup_updated': 0, 'tup_deleted': 0, 'conflicts': 0, 'temp_files': 0, 'temp_bytes': 0, 'deadlocks': 0, 'checksum_failures': None, 'checksum_last_failure': None, 'blk_read_time': 0.0, 'blk_write_time': 0.0, 'session_time': 0.0, 'active_time': 0.0, 'idle_in_transaction_time': 0.0, 'sessions': 0, 'sessions_abandoned': 0, 'sessions_fatal': 0, 'sessions_killed': 0, 'stats_reset': None}, {'datid': 16389, 'datname': 'playground', 'numbackends': 0, 'xact_commit': 6354, 'xact_rollback': 49, 'blks_read': 608, 'blks_hit': 248184, 'tup_returned': 2667989, 'tup_fetched': 56819, 'tup_inserted': 462, 'tup_updated': 164, 'tup_deleted': 174, 'conflicts': 0, 'temp_files': 0, 'temp_bytes': 0, 'deadlocks': 0, 'checksum_failures': None, 'checksum_last_failure': None, 'blk_read_time': 0.0, 'blk_write_time': 0.0, 'session_time': 428468.578, 'active_time': 394.545, 'idle_in_transaction_time': 0.0, 'sessions': 2, 'sessions_abandoned': 0, 'sessions_fatal': 0, 'sessions_killed': 0, 'stats_reset': None}, {'datid': 16388, 'datname': 'tpch_01_v01', 'numbackends': 0, 'xact_commit': 20901, 'xact_rollback': 174, 'blks_read': 6705575, 'blks_hit': 495901419, 'tup_returned': 3766876602, 'tup_fetched': 328204448, 'tup_inserted': 21531318, 'tup_updated': 4042, 'tup_deleted': 13581, 'conflicts': 0, 'temp_files': 34, 'temp_bytes': 569305136, 'deadlocks': 0, 'checksum_failures': None, 'checksum_last_failure': None, 'blk_read_time': 0.0, 'blk_write_time': 0.0, 'session_time': 515480.089, 'active_time': 391003.371, 'idle_in_transaction_time': 1952.887, 'sessions': 2703, 'sessions_abandoned': 0, 'sessions_fatal': 0, 'sessions_killed': 0, 'stats_reset': None}, {'datid': 18818, 'datname': 'microbench_selectivity_1000', 'numbackends': 0, 'xact_commit': 7206, 'xact_rollback': 45, 'blks_read': 1622722, 'blks_hit': 27946627, 'tup_returned': 3699108544, 'tup_fetched': 180331, 'tup_inserted': 166451475, 'tup_updated': 676, 'tup_deleted': 684, 'conflicts': 0, 'temp_files': 32, 'temp_bytes': 20840841216, 'deadlocks': 0, 'checksum_failures': None, 'checksum_last_failure': None, 'blk_read_time': 0.0, 'blk_write_time': 0.0, 'session_time': 551895.308, 'active_time': 389218.233, 'idle_in_transaction_time': 229.09, 'sessions': 263, 'sessions_abandoned': 0, 'sessions_fatal': 0, 'sessions_killed': 0, 'stats_reset': None}, {'datid': 19165, 'datname': 'microbench_selectivity_10000', 'numbackends': 1, 'xact_commit': 149802, 'xact_rollback': 1635, 'blks_read': 8366574, 'blks_hit': 2991705974, 'tup_returned': 466012720580, 'tup_fetched': 10543648, 'tup_inserted': 1072153356, 'tup_updated': 30243, 'tup_deleted': 64996, 'conflicts': 0, 'temp_files': 928, 'temp_bytes': 604384395264, 'deadlocks': 0, 'checksum_failures': None, 'checksum_last_failure': None, 'blk_read_time': 0.0, 'blk_write_time': 0.0, 'session_time': 378413822.491, 'active_time': 310347661.463, 'idle_in_transaction_time': 18052.451, 'sessions': 19131, 'sessions_abandoned': 0, 'sessions_fatal': 0, 'sessions_killed': 4, 'stats_reset': None}]}}, 'called_benchmark': GenericBenchmark(name='selectivity', call_options=('./', [QueryDirectory(dir_name='5_000_000', queries=[Query(query_name='predicate_post', spec=QuerySpec(key='base_selectivity_5.0', base='base.sql', materialize=None, extras=[], preprocess=[ReplaceSelectivity('500')])), Query(query_name='predicate_post', spec=QuerySpec(key='gprom_join_selectivity_5.0', base='gprom_join.sql', materialize=None, extras=[], preprocess=[ReplaceSelectivity('500')]))])], ConnectionParams(host='127.0.0.1', port='5460', user='vinny', password='vinny', database='microbench_selectivity_10000'), RunParams(repeat=10, throwaway=5, timeout=1200, dry_run=False, execution_time=None)), traceprov_path='libtraceprovlocal_test', traceprov_infer_set_path='libtraceprov_inferlocal_test'), 'prefix': 'local_test'}
