checking for a BSD-compatible install... /Users/uicdbgroup/.nix-profile/bin/ginstall -c
checking whether sleep supports fractional seconds... yes
checking filesystem timestamp resolution... 2
checking whether build environment is sane... yes
checking for a race-free mkdir -p... /Users/uicdbgroup/.nix-profile/bin/gmkdir -p
checking for gawk... gawk
checking whether make sets $(MAKE)... yes
checking whether make supports nested variables... yes
checking xargs -n works... yes
checking for gcc... gcc
checking whether the C compiler works... yes
checking for C compiler default output file name... a.out
checking for suffix of executables... 
checking whether we are cross compiling... no
checking for suffix of object files... o
checking whether the compiler supports GNU C... yes
checking whether gcc accepts -g... yes
checking for gcc option to enable C11 features... none needed
checking whether gcc understands -c and -o together... yes
checking whether make supports the include directive... yes (GNU style)
checking dependency style of gcc... gcc3
checking for g++... g++
checking whether the compiler supports GNU C++... yes
checking whether g++ accepts -g... yes
checking for g++ option to enable C++11 features... none needed
checking dependency style of g++... gcc3
checking build system type... aarch64-apple-darwin23.6.0
checking host system type... aarch64-apple-darwin23.6.0
checking how to print strings... printf
checking for a sed that does not truncate output... /usr/bin/sed
checking for grep that handles long lines and -e... /usr/bin/grep
checking for egrep... /usr/bin/grep -E
checking for fgrep... /usr/bin/grep -F
checking for ld used by gcc... /nix/store/y11ha0dph8hg80ni4hbbhbjprhhlr0cg-gcc-wrapper-13.3.0/bin/ld
checking if the linker (/nix/store/y11ha0dph8hg80ni4hbbhbjprhhlr0cg-gcc-wrapper-13.3.0/bin/ld) is GNU ld... no
checking for BSD- or MS-compatible name lister (nm)... /Users/uicdbgroup/.nix-profile/bin/nm -B
checking the name lister (/Users/uicdbgroup/.nix-profile/bin/nm -B) interface... BSD nm
checking whether ln -s works... yes
checking the maximum length of command line arguments... 786432
checking how to convert aarch64-apple-darwin23.6.0 file names to aarch64-apple-darwin23.6.0 format... func_convert_file_noop
checking how to convert aarch64-apple-darwin23.6.0 file names to toolchain format... func_convert_file_noop
checking for /nix/store/y11ha0dph8hg80ni4hbbhbjprhhlr0cg-gcc-wrapper-13.3.0/bin/ld option to reload object files... -r
checking for file... file
checking for objdump... objdump
checking how to recognize dependent libraries... pass_all
checking for dlltool... no
checking how to associate runtime and link libraries... printf %s\n
checking for ar... ar
checking for archiver @FILE support... @
checking for strip... strip
checking for ranlib... ranlib
checking command to parse /Users/uicdbgroup/.nix-profile/bin/nm -B output from gcc object... ok
checking for sysroot... no
checking for a working dd... /bin/dd
checking how to truncate binary pipes... /bin/dd bs=4096 count=1
checking for mt... no
checking if : is a manifest tool... no
checking for dsymutil... dsymutil
checking for nmedit... nmedit
checking for lipo... lipo
checking for otool... otool
checking for otool64... no
checking for -single_module linker flag... yes
checking for -exported_symbols_list linker flag... yes
checking for -force_load linker flag... yes
checking for stdio.h... yes
checking for stdlib.h... yes
checking for string.h... yes
checking for inttypes.h... yes
checking for stdint.h... yes
checking for strings.h... yes
checking for sys/stat.h... yes
checking for sys/types.h... yes
checking for unistd.h... yes
checking for dlfcn.h... yes
checking for objdir... .libs
checking if gcc supports -fno-rtti -fno-exceptions... no
checking for gcc option to produce PIC... -fno-common -DPIC
checking if gcc PIC flag -fno-common -DPIC works... yes
checking if gcc static flag -static works... no
checking if gcc supports -c -o file.o... yes
checking if gcc supports -c -o file.o... (cached) yes
checking whether the gcc linker (/nix/store/y11ha0dph8hg80ni4hbbhbjprhhlr0cg-gcc-wrapper-13.3.0/bin/ld) supports shared libraries... yes
checking dynamic linker characteristics... darwin23.6.0 dyld
checking how to hardcode library paths into programs... immediate
checking whether stripping libraries is possible... yes
checking if libtool supports shared libraries... yes
checking whether to build shared libraries... yes
checking whether to build static libraries... yes
checking how to run the C++ preprocessor... g++ -E
checking for ld used by g++... /nix/store/y11ha0dph8hg80ni4hbbhbjprhhlr0cg-gcc-wrapper-13.3.0/bin/ld
checking if the linker (/nix/store/y11ha0dph8hg80ni4hbbhbjprhhlr0cg-gcc-wrapper-13.3.0/bin/ld) is GNU ld... no
checking whether the g++ linker (/nix/store/y11ha0dph8hg80ni4hbbhbjprhhlr0cg-gcc-wrapper-13.3.0/bin/ld) supports shared libraries... yes
checking for g++ option to produce PIC... -fno-common -DPIC
checking if g++ PIC flag -fno-common -DPIC works... yes
checking if g++ static flag -static works... no
checking if g++ supports -c -o file.o... yes
checking if g++ supports -c -o file.o... (cached) yes
checking whether the g++ linker (/nix/store/y11ha0dph8hg80ni4hbbhbjprhhlr0cg-gcc-wrapper-13.3.0/bin/ld) supports shared libraries... yes
checking dynamic linker characteristics... darwin23.6.0 dyld
checking how to hardcode library paths into programs... immediate
checking that generated files are newer than configure... done
configure: creating ./config.status
config.status: creating Makefile
config.status: executing depfiles commands
config.status: executing libtool commands
rm -f  libtraceprov.la libtraceprov_infer.la
rm -f ./so_locations
rm -rf .libs _libs
rm -f *.o
rm -f *.lo
/bin/sh ./libtool  --tag=CC   --mode=compile gcc -DPACKAGE_NAME=\"traceprov\" -DPACKAGE_TARNAME=\"traceprov\" -DPACKAGE_VERSION=\"1.0\" -DPACKAGE_STRING=\"traceprov\ 1.0\" -DPACKAGE_BUGREPORT=\"\" -DPACKAGE_URL=\"\" -DPACKAGE=\"traceprov\" -DVERSION=\"1.0\" -DHAVE_STDIO_H=1 -DHAVE_STDLIB_H=1 -DHAVE_STRING_H=1 -DHAVE_INTTYPES_H=1 -DHAVE_STDINT_H=1 -DHAVE_STRINGS_H=1 -DHAVE_SYS_STAT_H=1 -DHAVE_SYS_TYPES_H=1 -DHAVE_UNISTD_H=1 -DSTDC_HEADERS=1 -DHAVE_DLFCN_H=1 -DLT_OBJDIR=\".libs/\" -I.  -I/Users/uicdbgroup/.nix-profile/include/server -DTRACEPROV_PAGE_SIZE_RAW=16384 -UPACKAGE_NAME -UPACKAGE_VERSION -UPACKAGE_STRING -UPACKAGE_BUGREPORT -UPACKAGE_URL -UPACKAGE_TARNAME -UPACKAGE_URL -I/opt/homebrew/opt/openssl@3/include/ -I/Users/uicdbgroup/.nix-profile/include/server -DTRACEPROV_PAGE_SIZE_RAW=16384 -UPACKAGE_NAME -UPACKAGE_VERSION -UPACKAGE_STRING -UPACKAGE_BUGREPORT -UPACKAGE_URL -UPACKAGE_TARNAME -UPACKAGE_URL -Wall -g -O3 -MT traceprov.lo -MD -MP -MF .deps/traceprov.Tpo -c -o traceprov.lo traceprov.c
libtool: compile:  gcc -DPACKAGE_NAME=\"traceprov\" -DPACKAGE_TARNAME=\"traceprov\" -DPACKAGE_VERSION=\"1.0\" "-DPACKAGE_STRING=\"traceprov 1.0\"" -DPACKAGE_BUGREPORT=\"\" -DPACKAGE_URL=\"\" -DPACKAGE=\"traceprov\" -DVERSION=\"1.0\" -DHAVE_STDIO_H=1 -DHAVE_STDLIB_H=1 -DHAVE_STRING_H=1 -DHAVE_INTTYPES_H=1 -DHAVE_STDINT_H=1 -DHAVE_STRINGS_H=1 -DHAVE_SYS_STAT_H=1 -DHAVE_SYS_TYPES_H=1 -DHAVE_UNISTD_H=1 -DSTDC_HEADERS=1 -DHAVE_DLFCN_H=1 -DLT_OBJDIR=\".libs/\" -I. -I/Users/uicdbgroup/.nix-profile/include/server -DTRACEPROV_PAGE_SIZE_RAW=16384 -UPACKAGE_NAME -UPACKAGE_VERSION -UPACKAGE_STRING -UPACKAGE_BUGREPORT -UPACKAGE_URL -UPACKAGE_TARNAME -UPACKAGE_URL -I/opt/homebrew/opt/openssl@3/include/ -I/Users/uicdbgroup/.nix-profile/include/server -DTRACEPROV_PAGE_SIZE_RAW=16384 -UPACKAGE_NAME -UPACKAGE_VERSION -UPACKAGE_STRING -UPACKAGE_BUGREPORT -UPACKAGE_URL -UPACKAGE_TARNAME -UPACKAGE_URL -Wall -g -O3 -MT traceprov.lo -MD -MP -MF .deps/traceprov.Tpo -c traceprov.c  -fno-common -DPIC -o .libs/traceprov.o
libtool: compile:  gcc -DPACKAGE_NAME=\"traceprov\" -DPACKAGE_TARNAME=\"traceprov\" -DPACKAGE_VERSION=\"1.0\" "-DPACKAGE_STRING=\"traceprov 1.0\"" -DPACKAGE_BUGREPORT=\"\" -DPACKAGE_URL=\"\" -DPACKAGE=\"traceprov\" -DVERSION=\"1.0\" -DHAVE_STDIO_H=1 -DHAVE_STDLIB_H=1 -DHAVE_STRING_H=1 -DHAVE_INTTYPES_H=1 -DHAVE_STDINT_H=1 -DHAVE_STRINGS_H=1 -DHAVE_SYS_STAT_H=1 -DHAVE_SYS_TYPES_H=1 -DHAVE_UNISTD_H=1 -DSTDC_HEADERS=1 -DHAVE_DLFCN_H=1 -DLT_OBJDIR=\".libs/\" -I. -I/Users/uicdbgroup/.nix-profile/include/server -DTRACEPROV_PAGE_SIZE_RAW=16384 -UPACKAGE_NAME -UPACKAGE_VERSION -UPACKAGE_STRING -UPACKAGE_BUGREPORT -UPACKAGE_URL -UPACKAGE_TARNAME -UPACKAGE_URL -I/opt/homebrew/opt/openssl@3/include/ -I/Users/uicdbgroup/.nix-profile/include/server -DTRACEPROV_PAGE_SIZE_RAW=16384 -UPACKAGE_NAME -UPACKAGE_VERSION -UPACKAGE_STRING -UPACKAGE_BUGREPORT -UPACKAGE_URL -UPACKAGE_TARNAME -UPACKAGE_URL -Wall -g -O3 -MT traceprov.lo -MD -MP -MF .deps/traceprov.Tpo -c traceprov.c -o traceprov.o >/dev/null 2>&1
mv -f .deps/traceprov.Tpo .deps/traceprov.Plo
/bin/sh ./libtool  --tag=CC   --mode=compile gcc -DPACKAGE_NAME=\"traceprov\" -DPACKAGE_TARNAME=\"traceprov\" -DPACKAGE_VERSION=\"1.0\" -DPACKAGE_STRING=\"traceprov\ 1.0\" -DPACKAGE_BUGREPORT=\"\" -DPACKAGE_URL=\"\" -DPACKAGE=\"traceprov\" -DVERSION=\"1.0\" -DHAVE_STDIO_H=1 -DHAVE_STDLIB_H=1 -DHAVE_STRING_H=1 -DHAVE_INTTYPES_H=1 -DHAVE_STDINT_H=1 -DHAVE_STRINGS_H=1 -DHAVE_SYS_STAT_H=1 -DHAVE_SYS_TYPES_H=1 -DHAVE_UNISTD_H=1 -DSTDC_HEADERS=1 -DHAVE_DLFCN_H=1 -DLT_OBJDIR=\".libs/\" -I.  -I/Users/uicdbgroup/.nix-profile/include/server -DTRACEPROV_PAGE_SIZE_RAW=16384 -UPACKAGE_NAME -UPACKAGE_VERSION -UPACKAGE_STRING -UPACKAGE_BUGREPORT -UPACKAGE_URL -UPACKAGE_TARNAME -UPACKAGE_URL -I/opt/homebrew/opt/openssl@3/include/ -I/Users/uicdbgroup/.nix-profile/include/server -DTRACEPROV_PAGE_SIZE_RAW=16384 -UPACKAGE_NAME -UPACKAGE_VERSION -UPACKAGE_STRING -UPACKAGE_BUGREPORT -UPACKAGE_URL -UPACKAGE_TARNAME -UPACKAGE_URL -Wall -g -O3 -MT file_utils.lo -MD -MP -MF .deps/file_utils.Tpo -c -o file_utils.lo file_utils.c
libtool: compile:  gcc -DPACKAGE_NAME=\"traceprov\" -DPACKAGE_TARNAME=\"traceprov\" -DPACKAGE_VERSION=\"1.0\" "-DPACKAGE_STRING=\"traceprov 1.0\"" -DPACKAGE_BUGREPORT=\"\" -DPACKAGE_URL=\"\" -DPACKAGE=\"traceprov\" -DVERSION=\"1.0\" -DHAVE_STDIO_H=1 -DHAVE_STDLIB_H=1 -DHAVE_STRING_H=1 -DHAVE_INTTYPES_H=1 -DHAVE_STDINT_H=1 -DHAVE_STRINGS_H=1 -DHAVE_SYS_STAT_H=1 -DHAVE_SYS_TYPES_H=1 -DHAVE_UNISTD_H=1 -DSTDC_HEADERS=1 -DHAVE_DLFCN_H=1 -DLT_OBJDIR=\".libs/\" -I. -I/Users/uicdbgroup/.nix-profile/include/server -DTRACEPROV_PAGE_SIZE_RAW=16384 -UPACKAGE_NAME -UPACKAGE_VERSION -UPACKAGE_STRING -UPACKAGE_BUGREPORT -UPACKAGE_URL -UPACKAGE_TARNAME -UPACKAGE_URL -I/opt/homebrew/opt/openssl@3/include/ -I/Users/uicdbgroup/.nix-profile/include/server -DTRACEPROV_PAGE_SIZE_RAW=16384 -UPACKAGE_NAME -UPACKAGE_VERSION -UPACKAGE_STRING -UPACKAGE_BUGREPORT -UPACKAGE_URL -UPACKAGE_TARNAME -UPACKAGE_URL -Wall -g -O3 -MT file_utils.lo -MD -MP -MF .deps/file_utils.Tpo -c file_utils.c  -fno-common -DPIC -o .libs/file_utils.o
libtool: compile:  gcc -DPACKAGE_NAME=\"traceprov\" -DPACKAGE_TARNAME=\"traceprov\" -DPACKAGE_VERSION=\"1.0\" "-DPACKAGE_STRING=\"traceprov 1.0\"" -DPACKAGE_BUGREPORT=\"\" -DPACKAGE_URL=\"\" -DPACKAGE=\"traceprov\" -DVERSION=\"1.0\" -DHAVE_STDIO_H=1 -DHAVE_STDLIB_H=1 -DHAVE_STRING_H=1 -DHAVE_INTTYPES_H=1 -DHAVE_STDINT_H=1 -DHAVE_STRINGS_H=1 -DHAVE_SYS_STAT_H=1 -DHAVE_SYS_TYPES_H=1 -DHAVE_UNISTD_H=1 -DSTDC_HEADERS=1 -DHAVE_DLFCN_H=1 -DLT_OBJDIR=\".libs/\" -I. -I/Users/uicdbgroup/.nix-profile/include/server -DTRACEPROV_PAGE_SIZE_RAW=16384 -UPACKAGE_NAME -UPACKAGE_VERSION -UPACKAGE_STRING -UPACKAGE_BUGREPORT -UPACKAGE_URL -UPACKAGE_TARNAME -UPACKAGE_URL -I/opt/homebrew/opt/openssl@3/include/ -I/Users/uicdbgroup/.nix-profile/include/server -DTRACEPROV_PAGE_SIZE_RAW=16384 -UPACKAGE_NAME -UPACKAGE_VERSION -UPACKAGE_STRING -UPACKAGE_BUGREPORT -UPACKAGE_URL -UPACKAGE_TARNAME -UPACKAGE_URL -Wall -g -O3 -MT file_utils.lo -MD -MP -MF .deps/file_utils.Tpo -c file_utils.c -o file_utils.o >/dev/null 2>&1
mv -f .deps/file_utils.Tpo .deps/file_utils.Plo
/bin/sh ./libtool  --tag=CC   --mode=compile gcc -DPACKAGE_NAME=\"traceprov\" -DPACKAGE_TARNAME=\"traceprov\" -DPACKAGE_VERSION=\"1.0\" -DPACKAGE_STRING=\"traceprov\ 1.0\" -DPACKAGE_BUGREPORT=\"\" -DPACKAGE_URL=\"\" -DPACKAGE=\"traceprov\" -DVERSION=\"1.0\" -DHAVE_STDIO_H=1 -DHAVE_STDLIB_H=1 -DHAVE_STRING_H=1 -DHAVE_INTTYPES_H=1 -DHAVE_STDINT_H=1 -DHAVE_STRINGS_H=1 -DHAVE_SYS_STAT_H=1 -DHAVE_SYS_TYPES_H=1 -DHAVE_UNISTD_H=1 -DSTDC_HEADERS=1 -DHAVE_DLFCN_H=1 -DLT_OBJDIR=\".libs/\" -I.  -I/Users/uicdbgroup/.nix-profile/include/server -DTRACEPROV_PAGE_SIZE_RAW=16384 -UPACKAGE_NAME -UPACKAGE_VERSION -UPACKAGE_STRING -UPACKAGE_BUGREPORT -UPACKAGE_URL -UPACKAGE_TARNAME -UPACKAGE_URL -I/opt/homebrew/opt/openssl@3/include/ -I/Users/uicdbgroup/.nix-profile/include/server -DTRACEPROV_PAGE_SIZE_RAW=16384 -UPACKAGE_NAME -UPACKAGE_VERSION -UPACKAGE_STRING -UPACKAGE_BUGREPORT -UPACKAGE_URL -UPACKAGE_TARNAME -UPACKAGE_URL -Wall -g -O3 -MT utils.lo -MD -MP -MF .deps/utils.Tpo -c -o utils.lo utils.c
libtool: compile:  gcc -DPACKAGE_NAME=\"traceprov\" -DPACKAGE_TARNAME=\"traceprov\" -DPACKAGE_VERSION=\"1.0\" "-DPACKAGE_STRING=\"traceprov 1.0\"" -DPACKAGE_BUGREPORT=\"\" -DPACKAGE_URL=\"\" -DPACKAGE=\"traceprov\" -DVERSION=\"1.0\" -DHAVE_STDIO_H=1 -DHAVE_STDLIB_H=1 -DHAVE_STRING_H=1 -DHAVE_INTTYPES_H=1 -DHAVE_STDINT_H=1 -DHAVE_STRINGS_H=1 -DHAVE_SYS_STAT_H=1 -DHAVE_SYS_TYPES_H=1 -DHAVE_UNISTD_H=1 -DSTDC_HEADERS=1 -DHAVE_DLFCN_H=1 -DLT_OBJDIR=\".libs/\" -I. -I/Users/uicdbgroup/.nix-profile/include/server -DTRACEPROV_PAGE_SIZE_RAW=16384 -UPACKAGE_NAME -UPACKAGE_VERSION -UPACKAGE_STRING -UPACKAGE_BUGREPORT -UPACKAGE_URL -UPACKAGE_TARNAME -UPACKAGE_URL -I/opt/homebrew/opt/openssl@3/include/ -I/Users/uicdbgroup/.nix-profile/include/server -DTRACEPROV_PAGE_SIZE_RAW=16384 -UPACKAGE_NAME -UPACKAGE_VERSION -UPACKAGE_STRING -UPACKAGE_BUGREPORT -UPACKAGE_URL -UPACKAGE_TARNAME -UPACKAGE_URL -Wall -g -O3 -MT utils.lo -MD -MP -MF .deps/utils.Tpo -c utils.c  -fno-common -DPIC -o .libs/utils.o
libtool: compile:  gcc -DPACKAGE_NAME=\"traceprov\" -DPACKAGE_TARNAME=\"traceprov\" -DPACKAGE_VERSION=\"1.0\" "-DPACKAGE_STRING=\"traceprov 1.0\"" -DPACKAGE_BUGREPORT=\"\" -DPACKAGE_URL=\"\" -DPACKAGE=\"traceprov\" -DVERSION=\"1.0\" -DHAVE_STDIO_H=1 -DHAVE_STDLIB_H=1 -DHAVE_STRING_H=1 -DHAVE_INTTYPES_H=1 -DHAVE_STDINT_H=1 -DHAVE_STRINGS_H=1 -DHAVE_SYS_STAT_H=1 -DHAVE_SYS_TYPES_H=1 -DHAVE_UNISTD_H=1 -DSTDC_HEADERS=1 -DHAVE_DLFCN_H=1 -DLT_OBJDIR=\".libs/\" -I. -I/Users/uicdbgroup/.nix-profile/include/server -DTRACEPROV_PAGE_SIZE_RAW=16384 -UPACKAGE_NAME -UPACKAGE_VERSION -UPACKAGE_STRING -UPACKAGE_BUGREPORT -UPACKAGE_URL -UPACKAGE_TARNAME -UPACKAGE_URL -I/opt/homebrew/opt/openssl@3/include/ -I/Users/uicdbgroup/.nix-profile/include/server -DTRACEPROV_PAGE_SIZE_RAW=16384 -UPACKAGE_NAME -UPACKAGE_VERSION -UPACKAGE_STRING -UPACKAGE_BUGREPORT -UPACKAGE_URL -UPACKAGE_TARNAME -UPACKAGE_URL -Wall -g -O3 -MT utils.lo -MD -MP -MF .deps/utils.Tpo -c utils.c -o utils.o >/dev/null 2>&1
mv -f .deps/utils.Tpo .deps/utils.Plo
/bin/sh ./libtool  --tag=CC   --mode=link gcc -I/Users/uicdbgroup/.nix-profile/include/server -DTRACEPROV_PAGE_SIZE_RAW=16384 -UPACKAGE_NAME -UPACKAGE_VERSION -UPACKAGE_STRING -UPACKAGE_BUGREPORT -UPACKAGE_URL -UPACKAGE_TARNAME -UPACKAGE_URL -Wall -g -O3 -avoid-version -L/opt/homebrew/opt/openssl@3/lib/ -o libtraceprov.la -rpath /Users/uicdbgroup/vinny/git_experiments/traceprov/postgres/bld/lib traceprov.lo file_utils.lo utils.lo  
libtool: link: gcc -dynamiclib -Wl,-undefined -Wl,dynamic_lookup -o .libs/libtraceprov.dylib  .libs/traceprov.o .libs/file_utils.o .libs/utils.o   -L/opt/homebrew/opt/openssl@3/lib/  -g -O3   -install_name  /Users/uicdbgroup/vinny/git_experiments/traceprov/postgres/bld/lib/libtraceprov.dylib  -Wl,-single_module
libtool: link: ar cr .libs/libtraceprov.a  traceprov.o file_utils.o utils.o
libtool: link: ranlib .libs/libtraceprov.a
libtool: link: ( cd ".libs" && rm -f "libtraceprov.la" && ln -s "../libtraceprov.la" "libtraceprov.la" )
/bin/sh ./libtool  --tag=CXX   --mode=compile g++ -DPACKAGE_NAME=\"traceprov\" -DPACKAGE_TARNAME=\"traceprov\" -DPACKAGE_VERSION=\"1.0\" -DPACKAGE_STRING=\"traceprov\ 1.0\" -DPACKAGE_BUGREPORT=\"\" -DPACKAGE_URL=\"\" -DPACKAGE=\"traceprov\" -DVERSION=\"1.0\" -DHAVE_STDIO_H=1 -DHAVE_STDLIB_H=1 -DHAVE_STRING_H=1 -DHAVE_INTTYPES_H=1 -DHAVE_STDINT_H=1 -DHAVE_STRINGS_H=1 -DHAVE_SYS_STAT_H=1 -DHAVE_SYS_TYPES_H=1 -DHAVE_UNISTD_H=1 -DSTDC_HEADERS=1 -DHAVE_DLFCN_H=1 -DLT_OBJDIR=\".libs/\" -I.  -I/Users/uicdbgroup/.nix-profile/include/server -DTRACEPROV_PAGE_SIZE_RAW=16384 -UPACKAGE_NAME -UPACKAGE_VERSION -UPACKAGE_STRING -UPACKAGE_BUGREPORT -UPACKAGE_URL -UPACKAGE_TARNAME -UPACKAGE_URL -I/opt/homebrew/opt/openssl@3/include/  -Wall -g -O3 -std=c++11 -MT traceprov_return_infer.lo -MD -MP -MF .deps/traceprov_return_infer.Tpo -c -o traceprov_return_infer.lo traceprov_return_infer.cpp
libtool: compile:  g++ -DPACKAGE_NAME=\"traceprov\" -DPACKAGE_TARNAME=\"traceprov\" -DPACKAGE_VERSION=\"1.0\" "-DPACKAGE_STRING=\"traceprov 1.0\"" -DPACKAGE_BUGREPORT=\"\" -DPACKAGE_URL=\"\" -DPACKAGE=\"traceprov\" -DVERSION=\"1.0\" -DHAVE_STDIO_H=1 -DHAVE_STDLIB_H=1 -DHAVE_STRING_H=1 -DHAVE_INTTYPES_H=1 -DHAVE_STDINT_H=1 -DHAVE_STRINGS_H=1 -DHAVE_SYS_STAT_H=1 -DHAVE_SYS_TYPES_H=1 -DHAVE_UNISTD_H=1 -DSTDC_HEADERS=1 -DHAVE_DLFCN_H=1 -DLT_OBJDIR=\".libs/\" -I. -I/Users/uicdbgroup/.nix-profile/include/server -DTRACEPROV_PAGE_SIZE_RAW=16384 -UPACKAGE_NAME -UPACKAGE_VERSION -UPACKAGE_STRING -UPACKAGE_BUGREPORT -UPACKAGE_URL -UPACKAGE_TARNAME -UPACKAGE_URL -I/opt/homebrew/opt/openssl@3/include/ -Wall -g -O3 -std=c++11 -MT traceprov_return_infer.lo -MD -MP -MF .deps/traceprov_return_infer.Tpo -c traceprov_return_infer.cpp  -fno-common -DPIC -o .libs/traceprov_return_infer.o
libtool: compile:  g++ -DPACKAGE_NAME=\"traceprov\" -DPACKAGE_TARNAME=\"traceprov\" -DPACKAGE_VERSION=\"1.0\" "-DPACKAGE_STRING=\"traceprov 1.0\"" -DPACKAGE_BUGREPORT=\"\" -DPACKAGE_URL=\"\" -DPACKAGE=\"traceprov\" -DVERSION=\"1.0\" -DHAVE_STDIO_H=1 -DHAVE_STDLIB_H=1 -DHAVE_STRING_H=1 -DHAVE_INTTYPES_H=1 -DHAVE_STDINT_H=1 -DHAVE_STRINGS_H=1 -DHAVE_SYS_STAT_H=1 -DHAVE_SYS_TYPES_H=1 -DHAVE_UNISTD_H=1 -DSTDC_HEADERS=1 -DHAVE_DLFCN_H=1 -DLT_OBJDIR=\".libs/\" -I. -I/Users/uicdbgroup/.nix-profile/include/server -DTRACEPROV_PAGE_SIZE_RAW=16384 -UPACKAGE_NAME -UPACKAGE_VERSION -UPACKAGE_STRING -UPACKAGE_BUGREPORT -UPACKAGE_URL -UPACKAGE_TARNAME -UPACKAGE_URL -I/opt/homebrew/opt/openssl@3/include/ -Wall -g -O3 -std=c++11 -MT traceprov_return_infer.lo -MD -MP -MF .deps/traceprov_return_infer.Tpo -c traceprov_return_infer.cpp -o traceprov_return_infer.o >/dev/null 2>&1
mv -f .deps/traceprov_return_infer.Tpo .deps/traceprov_return_infer.Plo
/bin/sh ./libtool  --tag=CXX   --mode=link g++  -Wall -g -O3 -std=c++11 -avoid-version -L/opt/homebrew/opt/openssl@3/lib/ -o libtraceprov_infer.la -rpath /Users/uicdbgroup/vinny/git_experiments/traceprov/postgres/bld/lib traceprov_return_infer.lo file_utils.lo utils.lo  
libtool: link: g++ -dynamiclib -Wl,-undefined -Wl,dynamic_lookup -o .libs/libtraceprov_infer.dylib  .libs/traceprov_return_infer.o .libs/file_utils.o .libs/utils.o   -L/opt/homebrew/opt/openssl@3/lib/  -g -O3   -install_name  /Users/uicdbgroup/vinny/git_experiments/traceprov/postgres/bld/lib/libtraceprov_infer.dylib  -Wl,-single_module
libtool: link: ar cr .libs/libtraceprov_infer.a  traceprov_return_infer.o file_utils.o utils.o
libtool: link: ranlib .libs/libtraceprov_infer.a
libtool: link: ( cd ".libs" && rm -f "libtraceprov_infer.la" && ln -s "../libtraceprov_infer.la" "libtraceprov_infer.la" )
make[1]: Entering directory '/Users/uicdbgroup/vinny/git_experiments/traceprov/postgres'
 /Users/uicdbgroup/.nix-profile/bin/gmkdir -p '/Users/uicdbgroup/vinny/git_experiments/traceprov/postgres/bld/lib'
 /bin/sh ./libtool   --mode=install /Users/uicdbgroup/.nix-profile/bin/ginstall -c   libtraceprov.la libtraceprov_infer.la '/Users/uicdbgroup/vinny/git_experiments/traceprov/postgres/bld/lib'
libtool: install: /Users/uicdbgroup/.nix-profile/bin/ginstall -c .libs/libtraceprov.dylib /Users/uicdbgroup/vinny/git_experiments/traceprov/postgres/bld/lib/libtraceprov.dylib
libtool: install: /Users/uicdbgroup/.nix-profile/bin/ginstall -c .libs/libtraceprov.lai /Users/uicdbgroup/vinny/git_experiments/traceprov/postgres/bld/lib/libtraceprov.la
libtool: install: /Users/uicdbgroup/.nix-profile/bin/ginstall -c .libs/libtraceprov_infer.dylib /Users/uicdbgroup/vinny/git_experiments/traceprov/postgres/bld/lib/libtraceprov_infer.dylib
libtool: install: /Users/uicdbgroup/.nix-profile/bin/ginstall -c .libs/libtraceprov_infer.lai /Users/uicdbgroup/vinny/git_experiments/traceprov/postgres/bld/lib/libtraceprov_infer.la
libtool: install: /Users/uicdbgroup/.nix-profile/bin/ginstall -c .libs/libtraceprov.a /Users/uicdbgroup/vinny/git_experiments/traceprov/postgres/bld/lib/libtraceprov.a
libtool: install: chmod 644 /Users/uicdbgroup/vinny/git_experiments/traceprov/postgres/bld/lib/libtraceprov.a
libtool: install: ranlib /Users/uicdbgroup/vinny/git_experiments/traceprov/postgres/bld/lib/libtraceprov.a
libtool: install: /Users/uicdbgroup/.nix-profile/bin/ginstall -c .libs/libtraceprov_infer.a /Users/uicdbgroup/vinny/git_experiments/traceprov/postgres/bld/lib/libtraceprov_infer.a
libtool: install: chmod 644 /Users/uicdbgroup/vinny/git_experiments/traceprov/postgres/bld/lib/libtraceprov_infer.a
libtool: install: ranlib /Users/uicdbgroup/vinny/git_experiments/traceprov/postgres/bld/lib/libtraceprov_infer.a
make[1]: Nothing to be done for 'install-data-am'.
make[1]: Leaving directory '/Users/uicdbgroup/vinny/git_experiments/traceprov/postgres'
PG_LIB_DIR: /nix/store/wzvzidvn3q1idalndbfkmglfxmj505rk-postgresql-jit-16.3-lib/lib
Mapping libtraceprov.a to libtraceprovlocal_test.a
Mapping libtraceprov.dylib to libtraceprovlocal_test.dylib
Mapping libtraceprov.la to libtraceprovlocal_test.la
Mapping libtraceprov_infer.a to libtraceprov_inferlocal_test.a
Mapping libtraceprov_infer.dylib to libtraceprov_inferlocal_test.dylib
Mapping libtraceprov_infer.la to libtraceprov_inferlocal_test.la
DROP AGGREGATE
DROP AGGREGATE
DROP AGGREGATE
DROP AGGREGATE
DROP AGGREGATE
DROP AGGREGATE
DROP AGGREGATE
DROP AGGREGATE
DROP AGGREGATE
DROP AGGREGATE
DROP AGGREGATE
DROP AGGREGATE
DROP AGGREGATE
DROP AGGREGATE
DROP FUNCTION
DROP FUNCTION
DROP FUNCTION
DROP FUNCTION
DROP FUNCTION
DROP FUNCTION
DROP FUNCTION
DROP FUNCTION
DROP FUNCTION
DROP FUNCTION
DROP FUNCTION
DROP FUNCTION
DROP FUNCTION
DROP FUNCTION
DROP FUNCTION
DROP FUNCTION
DROP FUNCTION
DROP FUNCTION
DROP FUNCTION
DROP FUNCTION
DROP FUNCTION
DROP FUNCTION
DROP FUNCTION
DROP FUNCTION
DROP FUNCTION
DROP FUNCTION
DROP FUNCTION
DROP FUNCTION
DROP FUNCTION
DROP FUNCTION
DROP AGGREGATE
DROP FUNCTION
DROP FUNCTION
DROP FUNCTION
DROP FUNCTION
DROP FUNCTION
CREATE FUNCTION
CREATE FUNCTION
CREATE FUNCTION
CREATE FUNCTION
CREATE FUNCTION
CREATE FUNCTION
CREATE FUNCTION
CREATE FUNCTION
CREATE AGGREGATE
CREATE FUNCTION
CREATE FUNCTION
CREATE FUNCTION
CREATE FUNCTION
CREATE FUNCTION
CREATE FUNCTION
CREATE FUNCTION
CREATE FUNCTION
CREATE FUNCTION
CREATE FUNCTION
CREATE FUNCTION
CREATE FUNCTION
CREATE FUNCTION
CREATE FUNCTION
CREATE AGGREGATE
CREATE AGGREGATE
CREATE AGGREGATE
CREATE AGGREGATE
CREATE AGGREGATE
CREATE AGGREGATE
CREATE AGGREGATE
CREATE AGGREGATE
CREATE AGGREGATE
CREATE AGGREGATE
CREATE AGGREGATE
CREATE FUNCTION
CREATE FUNCTION
CREATE FUNCTION
CREATE FUNCTION
CREATE FUNCTION
CREATE FUNCTION
CREATE FUNCTION
CREATE FUNCTION
CREATE FUNCTION
CREATE FUNCTION
CREATE FUNCTION
CREATE AGGREGATE
DROP FUNCTION
DROP FUNCTION
DROP FUNCTION
DROP FUNCTION
DROP FUNCTION
CREATE FUNCTION
CREATE FUNCTION
CREATE FUNCTION
CREATE FUNCTION
ANALYZE
 reinit_state 
--------------
            0
(1 row)

 reinit_state 
--------------
            0
(1 row)

 reinit_state 
--------------
            0
(1 row)

 reinit_state 
--------------
            0
(1 row)

 reinit_state 
--------------
            0
(1 row)

 reinit_state 
--------------
            0
(1 row)

 reinit_state 
--------------
            0
(1 row)

 reinit_state 
--------------
            0
(1 row)

 reinit_state 
--------------
            0
(1 row)

 reinit_state 
--------------
            0
(1 row)

 reinit_state 
--------------
            0
(1 row)

 reinit_state 
--------------
            0
(1 row)

 reinit_state 
--------------
            0
(1 row)

 reinit_state 
--------------
            0
(1 row)

 reinit_state 
--------------
            0
(1 row)

 reinit_state 
--------------
            0
(1 row)

Namespace(sel_num_groups=10000, sel_selectivity=5.0, sel_mode='post', sel_dry_run=False)
50000.0 num_gs
500
50000.0 num_gs
[QueryDirectory(dir_name='5_000_000', queries=[Query(query_name='predicate_post', spec=QuerySpec(key='base_selectivity_5.0', base='base.sql', materialize=None, extras=[], preprocess=[ReplaceSelectivity('500')])), Query(query_name='predicate_post', spec=QuerySpec(key='gprom_join_selectivity_5.0', base='gprom_join.sql', materialize='gprom_join.materialize.sql', extras=[ExtraQuery(label='count', query='$INLINE-select count(*) from gprom_lineage;', runs_after_base=False, runs_after_materialize=True, skip_validation=True, preprocess=[], capture_output=True, strict_run=True)], preprocess=[ReplaceSelectivity('500')]))])]
[selectivity: (5_000_000, predicate_post)]
base.sql
ON INDEX:  0
5_000_000/predicate_post/base.sql
SKIP VALIDATION:  False
analyze result [('Finalize HashAggregate  (cost=55880.74..56005.01 rows=3314 width=12) (actual time=113.745..115.029 rows=500 loops=1)',), ('  Group Key: group_number',), ('  Filter: (min(min_value) <= 500)',), ('  Batches: 1  Memory Usage: 1425kB',), ('  Rows Removed by Filter: 9500',), ('  Buffers: shared hit=31856',), ('  ->  Gather  (cost=51605.68..55681.90 rows=39768 width=12) (actual time=111.504..113.049 rows=12193 loops=1)',), ('        Workers Planned: 4',), ('        Workers Launched: 4',), ('        Buffers: shared hit=31856',), ('        ->  Partial HashAggregate  (cost=50605.68..50705.10 rows=9942 width=12) (actual time=109.818..110.007 rows=2439 loops=5)',), ('              Group Key: group_number',), ('              Batches: 1  Memory Usage: 657kB',), ('              Buffers: shared hit=31856',), ('              Worker 0:  Batches: 1  Memory Usage: 657kB',), ('              Worker 1:  Batches: 1  Memory Usage: 657kB',), ('              Worker 2:  Batches: 1  Memory Usage: 657kB',), ('              Worker 3:  Batches: 1  Memory Usage: 657kB',), ('              ->  Parallel Seq Scan on data_table_5_000_000  (cost=0.00..44355.79 rows=1249978 width=12) (actual time=0.004..39.076 rows=1000000 loops=5)',), ('                    Buffers: shared hit=31856',), ('Planning:',), ('  Buffers: shared hit=36',), ('Planning Time: 0.135 ms',), ('Execution Time: 115.142 ms',)]
ON INDEX:  1
5_000_000/predicate_post/base.sql
SKIP VALIDATION:  True
analyze result [('Finalize HashAggregate  (cost=55880.74..56005.01 rows=3314 width=12) (actual time=111.887..113.192 rows=500 loops=1)',), ('  Group Key: group_number',), ('  Filter: (min(min_value) <= 500)',), ('  Batches: 1  Memory Usage: 1425kB',), ('  Rows Removed by Filter: 9500',), ('  Buffers: shared hit=31856',), ('  ->  Gather  (cost=51605.68..55681.90 rows=39768 width=12) (actual time=109.688..111.200 rows=12193 loops=1)',), ('        Workers Planned: 4',), ('        Workers Launched: 4',), ('        Buffers: shared hit=31856',), ('        ->  Partial HashAggregate  (cost=50605.68..50705.10 rows=9942 width=12) (actual time=108.156..108.345 rows=2439 loops=5)',), ('              Group Key: group_number',), ('              Batches: 1  Memory Usage: 657kB',), ('              Buffers: shared hit=31856',), ('              Worker 0:  Batches: 1  Memory Usage: 657kB',), ('              Worker 1:  Batches: 1  Memory Usage: 657kB',), ('              Worker 2:  Batches: 1  Memory Usage: 657kB',), ('              Worker 3:  Batches: 1  Memory Usage: 657kB',), ('              ->  Parallel Seq Scan on data_table_5_000_000  (cost=0.00..44355.79 rows=1249978 width=12) (actual time=0.003..38.390 rows=1000000 loops=5)',), ('                    Buffers: shared hit=31856',), ('Planning:',), ('  Buffers: shared hit=36',), ('Planning Time: 0.137 ms',), ('Execution Time: 113.310 ms',)]
ON INDEX:  2
5_000_000/predicate_post/base.sql
SKIP VALIDATION:  True
analyze result [('Finalize HashAggregate  (cost=55880.74..56005.01 rows=3314 width=12) (actual time=112.288..113.620 rows=500 loops=1)',), ('  Group Key: group_number',), ('  Filter: (min(min_value) <= 500)',), ('  Batches: 1  Memory Usage: 1425kB',), ('  Rows Removed by Filter: 9500',), ('  Buffers: shared hit=31856',), ('  ->  Gather  (cost=51605.68..55681.90 rows=39768 width=12) (actual time=109.960..111.553 rows=12194 loops=1)',), ('        Workers Planned: 4',), ('        Workers Launched: 4',), ('        Buffers: shared hit=31856',), ('        ->  Partial HashAggregate  (cost=50605.68..50705.10 rows=9942 width=12) (actual time=108.311..108.499 rows=2439 loops=5)',), ('              Group Key: group_number',), ('              Batches: 1  Memory Usage: 657kB',), ('              Buffers: shared hit=31856',), ('              Worker 0:  Batches: 1  Memory Usage: 657kB',), ('              Worker 1:  Batches: 1  Memory Usage: 657kB',), ('              Worker 2:  Batches: 1  Memory Usage: 657kB',), ('              Worker 3:  Batches: 1  Memory Usage: 657kB',), ('              ->  Parallel Seq Scan on data_table_5_000_000  (cost=0.00..44355.79 rows=1249978 width=12) (actual time=0.004..38.429 rows=1000000 loops=5)',), ('                    Buffers: shared hit=31856',), ('Planning:',), ('  Buffers: shared hit=36',), ('Planning Time: 0.136 ms',), ('Execution Time: 113.734 ms',)]
ON INDEX:  3
5_000_000/predicate_post/base.sql
SKIP VALIDATION:  True
analyze result [('Finalize HashAggregate  (cost=55880.74..56005.01 rows=3314 width=12) (actual time=112.352..113.605 rows=500 loops=1)',), ('  Group Key: group_number',), ('  Filter: (min(min_value) <= 500)',), ('  Batches: 1  Memory Usage: 1425kB',), ('  Rows Removed by Filter: 9500',), ('  Buffers: shared hit=31856',), ('  ->  Gather  (cost=51605.68..55681.90 rows=39768 width=12) (actual time=110.102..111.587 rows=12193 loops=1)',), ('        Workers Planned: 4',), ('        Workers Launched: 4',), ('        Buffers: shared hit=31856',), ('        ->  Partial HashAggregate  (cost=50605.68..50705.10 rows=9942 width=12) (actual time=108.315..108.499 rows=2439 loops=5)',), ('              Group Key: group_number',), ('              Batches: 1  Memory Usage: 657kB',), ('              Buffers: shared hit=31856',), ('              Worker 0:  Batches: 1  Memory Usage: 657kB',), ('              Worker 1:  Batches: 1  Memory Usage: 657kB',), ('              Worker 2:  Batches: 1  Memory Usage: 657kB',), ('              Worker 3:  Batches: 1  Memory Usage: 657kB',), ('              ->  Parallel Seq Scan on data_table_5_000_000  (cost=0.00..44355.79 rows=1249978 width=12) (actual time=0.004..38.417 rows=1000000 loops=5)',), ('                    Buffers: shared hit=31856',), ('Planning:',), ('  Buffers: shared hit=36',), ('Planning Time: 0.130 ms',), ('Execution Time: 113.717 ms',)]
ON INDEX:  4
5_000_000/predicate_post/base.sql
SKIP VALIDATION:  True
analyze result [('Finalize HashAggregate  (cost=55880.74..56005.01 rows=3314 width=12) (actual time=112.350..113.846 rows=500 loops=1)',), ('  Group Key: group_number',), ('  Filter: (min(min_value) <= 500)',), ('  Batches: 1  Memory Usage: 1425kB',), ('  Rows Removed by Filter: 9500',), ('  Buffers: shared hit=31856',), ('  ->  Gather  (cost=51605.68..55681.90 rows=39768 width=12) (actual time=110.143..111.863 rows=12194 loops=1)',), ('        Workers Planned: 4',), ('        Workers Launched: 4',), ('        Buffers: shared hit=31856',), ('        ->  Partial HashAggregate  (cost=50605.68..50705.10 rows=9942 width=12) (actual time=108.510..108.697 rows=2439 loops=5)',), ('              Group Key: group_number',), ('              Batches: 1  Memory Usage: 657kB',), ('              Buffers: shared hit=31856',), ('              Worker 0:  Batches: 1  Memory Usage: 657kB',), ('              Worker 1:  Batches: 1  Memory Usage: 657kB',), ('              Worker 2:  Batches: 1  Memory Usage: 657kB',), ('              Worker 3:  Batches: 1  Memory Usage: 657kB',), ('              ->  Parallel Seq Scan on data_table_5_000_000  (cost=0.00..44355.79 rows=1249978 width=12) (actual time=0.004..38.480 rows=1000000 loops=5)',), ('                    Buffers: shared hit=31856',), ('Planning:',), ('  Buffers: shared hit=36',), ('Planning Time: 0.125 ms',), ('Execution Time: 113.956 ms',)]
ON INDEX:  5
5_000_000/predicate_post/base.sql
SKIP VALIDATION:  True
analyze result [('Finalize HashAggregate  (cost=55880.74..56005.01 rows=3314 width=12) (actual time=111.915..113.768 rows=500 loops=1)',), ('  Group Key: group_number',), ('  Filter: (min(min_value) <= 500)',), ('  Batches: 1  Memory Usage: 1425kB',), ('  Rows Removed by Filter: 9500',), ('  Buffers: shared hit=31856',), ('  ->  Gather  (cost=51605.68..55681.90 rows=39768 width=12) (actual time=109.730..111.807 rows=12194 loops=1)',), ('        Workers Planned: 4',), ('        Workers Launched: 4',), ('        Buffers: shared hit=31856',), ('        ->  Partial HashAggregate  (cost=50605.68..50705.10 rows=9942 width=12) (actual time=108.054..108.247 rows=2439 loops=5)',), ('              Group Key: group_number',), ('              Batches: 1  Memory Usage: 657kB',), ('              Buffers: shared hit=31856',), ('              Worker 0:  Batches: 1  Memory Usage: 657kB',), ('              Worker 1:  Batches: 1  Memory Usage: 657kB',), ('              Worker 2:  Batches: 1  Memory Usage: 657kB',), ('              Worker 3:  Batches: 1  Memory Usage: 657kB',), ('              ->  Parallel Seq Scan on data_table_5_000_000  (cost=0.00..44355.79 rows=1249978 width=12) (actual time=0.003..38.117 rows=1000000 loops=5)',), ('                    Buffers: shared hit=31856',), ('Planning:',), ('  Buffers: shared hit=36',), ('Planning Time: 0.117 ms',), ('Execution Time: 113.882 ms',)]
ON INDEX:  6
5_000_000/predicate_post/base.sql
SKIP VALIDATION:  True
analyze result [('Finalize HashAggregate  (cost=55880.74..56005.01 rows=3314 width=12) (actual time=111.511..113.324 rows=500 loops=1)',), ('  Group Key: group_number',), ('  Filter: (min(min_value) <= 500)',), ('  Batches: 1  Memory Usage: 1425kB',), ('  Rows Removed by Filter: 9500',), ('  Buffers: shared hit=31856',), ('  ->  Gather  (cost=51605.68..55681.90 rows=39768 width=12) (actual time=109.359..111.385 rows=12194 loops=1)',), ('        Workers Planned: 4',), ('        Workers Launched: 4',), ('        Buffers: shared hit=31856',), ('        ->  Partial HashAggregate  (cost=50605.68..50705.10 rows=9942 width=12) (actual time=107.600..107.791 rows=2439 loops=5)',), ('              Group Key: group_number',), ('              Batches: 1  Memory Usage: 657kB',), ('              Buffers: shared hit=31856',), ('              Worker 0:  Batches: 1  Memory Usage: 657kB',), ('              Worker 1:  Batches: 1  Memory Usage: 657kB',), ('              Worker 2:  Batches: 1  Memory Usage: 657kB',), ('              Worker 3:  Batches: 1  Memory Usage: 657kB',), ('              ->  Parallel Seq Scan on data_table_5_000_000  (cost=0.00..44355.79 rows=1249978 width=12) (actual time=0.003..37.724 rows=1000000 loops=5)',), ('                    Buffers: shared hit=31856',), ('Planning:',), ('  Buffers: shared hit=36',), ('Planning Time: 0.129 ms',), ('Execution Time: 113.445 ms',)]
ON INDEX:  7
5_000_000/predicate_post/base.sql
SKIP VALIDATION:  True
analyze result [('Finalize HashAggregate  (cost=55880.74..56005.01 rows=3314 width=12) (actual time=112.845..114.201 rows=500 loops=1)',), ('  Group Key: group_number',), ('  Filter: (min(min_value) <= 500)',), ('  Batches: 1  Memory Usage: 1425kB',), ('  Rows Removed by Filter: 9500',), ('  Buffers: shared hit=31856',), ('  ->  Gather  (cost=51605.68..55681.90 rows=39768 width=12) (actual time=110.712..112.305 rows=12195 loops=1)',), ('        Workers Planned: 4',), ('        Workers Launched: 4',), ('        Buffers: shared hit=31856',), ('        ->  Partial HashAggregate  (cost=50605.68..50705.10 rows=9942 width=12) (actual time=109.007..109.199 rows=2439 loops=5)',), ('              Group Key: group_number',), ('              Batches: 1  Memory Usage: 657kB',), ('              Buffers: shared hit=31856',), ('              Worker 0:  Batches: 1  Memory Usage: 657kB',), ('              Worker 1:  Batches: 1  Memory Usage: 657kB',), ('              Worker 2:  Batches: 1  Memory Usage: 657kB',), ('              Worker 3:  Batches: 1  Memory Usage: 657kB',), ('              ->  Parallel Seq Scan on data_table_5_000_000  (cost=0.00..44355.79 rows=1249978 width=12) (actual time=0.003..38.364 rows=1000000 loops=5)',), ('                    Buffers: shared hit=31856',), ('Planning:',), ('  Buffers: shared hit=36',), ('Planning Time: 0.132 ms',), ('Execution Time: 114.329 ms',)]
ON INDEX:  8
5_000_000/predicate_post/base.sql
SKIP VALIDATION:  True
analyze result [('Finalize HashAggregate  (cost=55880.74..56005.01 rows=3314 width=12) (actual time=110.757..112.633 rows=500 loops=1)',), ('  Group Key: group_number',), ('  Filter: (min(min_value) <= 500)',), ('  Batches: 1  Memory Usage: 1425kB',), ('  Rows Removed by Filter: 9500',), ('  Buffers: shared hit=31856',), ('  ->  Gather  (cost=51605.68..55681.90 rows=39768 width=12) (actual time=108.518..110.618 rows=12193 loops=1)',), ('        Workers Planned: 4',), ('        Workers Launched: 4',), ('        Buffers: shared hit=31856',), ('        ->  Partial HashAggregate  (cost=50605.68..50705.10 rows=9942 width=12) (actual time=106.882..107.074 rows=2439 loops=5)',), ('              Group Key: group_number',), ('              Batches: 1  Memory Usage: 657kB',), ('              Buffers: shared hit=31856',), ('              Worker 0:  Batches: 1  Memory Usage: 657kB',), ('              Worker 1:  Batches: 1  Memory Usage: 657kB',), ('              Worker 2:  Batches: 1  Memory Usage: 657kB',), ('              Worker 3:  Batches: 1  Memory Usage: 657kB',), ('              ->  Parallel Seq Scan on data_table_5_000_000  (cost=0.00..44355.79 rows=1249978 width=12) (actual time=0.003..37.492 rows=1000000 loops=5)',), ('                    Buffers: shared hit=31856',), ('Planning:',), ('  Buffers: shared hit=36',), ('Planning Time: 0.131 ms',), ('Execution Time: 112.744 ms',)]
ON INDEX:  9
5_000_000/predicate_post/base.sql
SKIP VALIDATION:  True
analyze result [('Finalize HashAggregate  (cost=55880.74..56005.01 rows=3314 width=12) (actual time=111.279..113.127 rows=500 loops=1)',), ('  Group Key: group_number',), ('  Filter: (min(min_value) <= 500)',), ('  Batches: 1  Memory Usage: 1425kB',), ('  Rows Removed by Filter: 9500',), ('  Buffers: shared hit=31856',), ('  ->  Gather  (cost=51605.68..55681.90 rows=39768 width=12) (actual time=109.192..111.225 rows=12195 loops=1)',), ('        Workers Planned: 4',), ('        Workers Launched: 4',), ('        Buffers: shared hit=31856',), ('        ->  Partial HashAggregate  (cost=50605.68..50705.10 rows=9942 width=12) (actual time=107.509..107.697 rows=2439 loops=5)',), ('              Group Key: group_number',), ('              Batches: 1  Memory Usage: 657kB',), ('              Buffers: shared hit=31856',), ('              Worker 0:  Batches: 1  Memory Usage: 657kB',), ('              Worker 1:  Batches: 1  Memory Usage: 657kB',), ('              Worker 2:  Batches: 1  Memory Usage: 657kB',), ('              Worker 3:  Batches: 1  Memory Usage: 657kB',), ('              ->  Parallel Seq Scan on data_table_5_000_000  (cost=0.00..44355.79 rows=1249978 width=12) (actual time=0.004..37.785 rows=1000000 loops=5)',), ('                    Buffers: shared hit=31856',), ('Planning:',), ('  Buffers: shared hit=36',), ('Planning Time: 0.148 ms',), ('Execution Time: 113.261 ms',)]
ON INDEX:  10
5_000_000/predicate_post/base.sql
SKIP VALIDATION:  True
analyze result  reinit_state 
--------------
            0
(1 row)

 reinit_state 
--------------
            0
(1 row)

[('Finalize HashAggregate  (cost=55880.74..56005.01 rows=3314 width=12) (actual time=111.536..113.436 rows=500 loops=1)',), ('  Group Key: group_number',), ('  Filter: (min(min_value) <= 500)',), ('  Batches: 1  Memory Usage: 1425kB',), ('  Rows Removed by Filter: 9500',), ('  Buffers: shared hit=31856',), ('  ->  Gather  (cost=51605.68..55681.90 rows=39768 width=12) (actual time=109.276..111.433 rows=12196 loops=1)',), ('        Workers Planned: 4',), ('        Workers Launched: 4',), ('        Buffers: shared hit=31856',), ('        ->  Partial HashAggregate  (cost=50605.68..50705.10 rows=9942 width=12) (actual time=107.524..107.715 rows=2439 loops=5)',), ('              Group Key: group_number',), ('              Batches: 1  Memory Usage: 657kB',), ('              Buffers: shared hit=31856',), ('              Worker 0:  Batches: 1  Memory Usage: 657kB',), ('              Worker 1:  Batches: 1  Memory Usage: 657kB',), ('              Worker 2:  Batches: 1  Memory Usage: 657kB',), ('              Worker 3:  Batches: 1  Memory Usage: 657kB',), ('              ->  Parallel Seq Scan on data_table_5_000_000  (cost=0.00..44355.79 rows=1249978 width=12) (actual time=0.004..37.782 rows=1000000 loops=5)',), ('                    Buffers: shared hit=31856',), ('Planning:',), ('  Buffers: shared hit=36',), ('Planning Time: 0.138 ms',), ('Execution Time: 113.555 ms',)]
ON INDEX:  11
5_000_000/predicate_post/base.sql
SKIP VALIDATION:  True
analyze result [('Finalize HashAggregate  (cost=55880.74..56005.01 rows=3314 width=12) (actual time=111.473..113.382 rows=500 loops=1)',), ('  Group Key: group_number',), ('  Filter: (min(min_value) <= 500)',), ('  Batches: 1  Memory Usage: 1425kB',), ('  Rows Removed by Filter: 9500',), ('  Buffers: shared hit=31856',), ('  ->  Gather  (cost=51605.68..55681.90 rows=39768 width=12) (actual time=109.240..111.374 rows=12194 loops=1)',), ('        Workers Planned: 4',), ('        Workers Launched: 4',), ('        Buffers: shared hit=31856',), ('        ->  Partial HashAggregate  (cost=50605.68..50705.10 rows=9942 width=12) (actual time=107.572..107.761 rows=2439 loops=5)',), ('              Group Key: group_number',), ('              Batches: 1  Memory Usage: 657kB',), ('              Buffers: shared hit=31856',), ('              Worker 0:  Batches: 1  Memory Usage: 657kB',), ('              Worker 1:  Batches: 1  Memory Usage: 657kB',), ('              Worker 2:  Batches: 1  Memory Usage: 657kB',), ('              Worker 3:  Batches: 1  Memory Usage: 657kB',), ('              ->  Parallel Seq Scan on data_table_5_000_000  (cost=0.00..44355.79 rows=1249978 width=12) (actual time=0.003..37.632 rows=1000000 loops=5)',), ('                    Buffers: shared hit=31856',), ('Planning:',), ('  Buffers: shared hit=36',), ('Planning Time: 0.131 ms',), ('Execution Time: 113.501 ms',)]
ON INDEX:  12
5_000_000/predicate_post/base.sql
SKIP VALIDATION:  True
analyze result [('Finalize HashAggregate  (cost=55880.74..56005.01 rows=3314 width=12) (actual time=111.174..113.106 rows=500 loops=1)',), ('  Group Key: group_number',), ('  Filter: (min(min_value) <= 500)',), ('  Batches: 1  Memory Usage: 1425kB',), ('  Rows Removed by Filter: 9500',), ('  Buffers: shared hit=31856',), ('  ->  Gather  (cost=51605.68..55681.90 rows=39768 width=12) (actual time=109.005..111.186 rows=12193 loops=1)',), ('        Workers Planned: 4',), ('        Workers Launched: 4',), ('        Buffers: shared hit=31856',), ('        ->  Partial HashAggregate  (cost=50605.68..50705.10 rows=9942 width=12) (actual time=107.276..107.466 rows=2439 loops=5)',), ('              Group Key: group_number',), ('              Batches: 1  Memory Usage: 657kB',), ('              Buffers: shared hit=31856',), ('              Worker 0:  Batches: 1  Memory Usage: 657kB',), ('              Worker 1:  Batches: 1  Memory Usage: 657kB',), ('              Worker 2:  Batches: 1  Memory Usage: 657kB',), ('              Worker 3:  Batches: 1  Memory Usage: 657kB',), ('              ->  Parallel Seq Scan on data_table_5_000_000  (cost=0.00..44355.79 rows=1249978 width=12) (actual time=0.004..37.552 rows=1000000 loops=5)',), ('                    Buffers: shared hit=31856',), ('Planning:',), ('  Buffers: shared hit=36',), ('Planning Time: 0.121 ms',), ('Execution Time: 113.227 ms',)]
ON INDEX:  13
5_000_000/predicate_post/base.sql
SKIP VALIDATION:  True
analyze result [('Finalize HashAggregate  (cost=55880.74..56005.01 rows=3314 width=12) (actual time=111.767..113.626 rows=500 loops=1)',), ('  Group Key: group_number',), ('  Filter: (min(min_value) <= 500)',), ('  Batches: 1  Memory Usage: 1425kB',), ('  Rows Removed by Filter: 9500',), ('  Buffers: shared hit=31856',), ('  ->  Gather  (cost=51605.68..55681.90 rows=39768 width=12) (actual time=109.538..111.645 rows=12190 loops=1)',), ('        Workers Planned: 4',), ('        Workers Launched: 4',), ('        Buffers: shared hit=31856',), ('        ->  Partial HashAggregate  (cost=50605.68..50705.10 rows=9942 width=12) (actual time=107.832..108.021 rows=2438 loops=5)',), ('              Group Key: group_number',), ('              Batches: 1  Memory Usage: 657kB',), ('              Buffers: shared hit=31856',), ('              Worker 0:  Batches: 1  Memory Usage: 657kB',), ('              Worker 1:  Batches: 1  Memory Usage: 657kB',), ('              Worker 2:  Batches: 1  Memory Usage: 657kB',), ('              Worker 3:  Batches: 1  Memory Usage: 657kB',), ('              ->  Parallel Seq Scan on data_table_5_000_000  (cost=0.00..44355.79 rows=1249978 width=12) (actual time=0.004..37.826 rows=1000000 loops=5)',), ('                    Buffers: shared hit=31856',), ('Planning:',), ('  Buffers: shared hit=36',), ('Planning Time: 0.131 ms',), ('Execution Time: 113.749 ms',)]
ON INDEX:  14
5_000_000/predicate_post/base.sql
SKIP VALIDATION:  True
analyze result [('Finalize HashAggregate  (cost=55880.74..56005.01 rows=3314 width=12) (actual time=111.500..113.397 rows=500 loops=1)',), ('  Group Key: group_number',), ('  Filter: (min(min_value) <= 500)',), ('  Batches: 1  Memory Usage: 1425kB',), ('  Rows Removed by Filter: 9500',), ('  Buffers: shared hit=31856',), ('  ->  Gather  (cost=51605.68..55681.90 rows=39768 width=12) (actual time=109.405..111.499 rows=12194 loops=1)',), ('        Workers Planned: 4',), ('        Workers Launched: 4',), ('        Buffers: shared hit=31856',), ('        ->  Partial HashAggregate  (cost=50605.68..50705.10 rows=9942 width=12) (actual time=107.661..107.850 rows=2439 loops=5)',), ('              Group Key: group_number',), ('              Batches: 1  Memory Usage: 657kB',), ('              Buffers: shared hit=31856',), ('              Worker 0:  Batches: 1  Memory Usage: 657kB',), ('              Worker 1:  Batches: 1  Memory Usage: 657kB',), ('              Worker 2:  Batches: 1  Memory Usage: 657kB',), ('              Worker 3:  Batches: 1  Memory Usage: 657kB',), ('              ->  Parallel Seq Scan on data_table_5_000_000  (cost=0.00..44355.79 rows=1249978 width=12) (actual time=0.003..37.954 rows=1000000 loops=5)',), ('                    Buffers: shared hit=31856',), ('Planning:',), ('  Buffers: shared hit=36',), ('Planning Time: 0.131 ms',), ('Execution Time: 113.504 ms',)]
[selectivity: (5_000_000, predicate_post)]
gprom_join.sql
gprom_join.materialize.sql
ON INDEX:  0
5_000_000/predicate_post/gprom_join.sql
SKIP VALIDATION:  False
analyze result [('Nested Loop  (cost=55880.74..248683626.52 rows=1666638 width=4) (actual time=169.820..105584.845 rows=250000 loops=1)',), ('  Join Filter: (NOT (f0_0."GROUP_0" IS DISTINCT FROM f0_0_1.group_number))',), ('  Rows Removed by Join Filter: 2499750000',), ('  Buffers: shared hit=63712',), ('  ->  Seq Scan on data_table_5_000_000 f0_0_1  (cost=0.00..81855.14 rows=4999914 width=8) (actual time=0.008..263.828 rows=5000000 loops=1)',), ('        Buffers: shared hit=31856',), ('  ->  Materialize  (cost=55880.74..56054.72 rows=3314 width=4) (actual time=0.000..0.010 rows=500 loops=5000000)',), ('        Buffers: shared hit=31856',), ('        ->  Subquery Scan on f0_0  (cost=55880.74..56038.15 rows=3314 width=4) (actual time=169.504..169.936 rows=500 loops=1)',), ('              Buffers: shared hit=31856',), ('              ->  Finalize HashAggregate  (cost=55880.74..56005.01 rows=3314 width=20) (actual time=169.503..169.912 rows=500 loops=1)',), ('                    Group Key: f0_0_2.group_number',), ('                    Filter: (min(f0_0_2.min_value) <= 500)',), ('                    Batches: 1  Memory Usage: 1425kB',), ('                    Rows Removed by Filter: 9500',), ('                    Buffers: shared hit=31856',), ('                    ->  Gather  (cost=51605.68..55681.90 rows=39768 width=12) (actual time=167.503..168.173 rows=12180 loops=1)',), ('                          Workers Planned: 4',), ('                          Workers Launched: 4',), ('                          Buffers: shared hit=31856',), ('                          ->  Partial HashAggregate  (cost=50605.68..50705.10 rows=9942 width=12) (actual time=157.643..157.819 rows=2436 loops=5)',), ('                                Group Key: f0_0_2.group_number',), ('                                Batches: 1  Memory Usage: 529kB',), ('                                Buffers: shared hit=31856',), ('                                Worker 0:  Batches: 1  Memory Usage: 657kB',), ('                                Worker 1:  Batches: 1  Memory Usage: 657kB',), ('                                Worker 2:  Batches: 1  Memory Usage: 657kB',), ('                                Worker 3:  Batches: 1  Memory Usage: 657kB',), ('                                ->  Parallel Seq Scan on data_table_5_000_000 f0_0_2  (cost=0.00..44355.79 rows=1249978 width=12) (actual time=0.002..37.320 rows=1000000 loops=5)',), ('                                      Buffers: shared hit=31856',), ('Planning:',), ('  Buffers: shared hit=39',), ('Planning Time: 0.233 ms',), ('JIT:',), ('  Functions: 47',), ('  Options: Inlining true, Optimization true, Expressions true, Deforming true',), ('  Timing: Generation 1.181 ms, Inlining 137.014 ms, Optimization 90.407 ms, Emission 68.859 ms, Total 297.460 ms',), ('Execution Time: 105603.981 ms',)]
5_000_000/predicate_post/gprom_join.materialize.sql
SKIP VALIDATION:  False
analyze result [('Nested Loop  (cost=55880.74..248683626.52 rows=1666638 width=4) (actual time=170.259..106070.005 rows=250000 loops=1)',), ('  Join Filter: (NOT (f0_0."GROUP_0" IS DISTINCT FROM f0_0_1.group_number))',), ('  Rows Removed by Join Filter: 2499750000',), ('  Buffers: shared hit=63712',), ('  ->  Seq Scan on data_table_5_000_000 f0_0_1  (cost=0.00..81855.14 rows=4999914 width=8) (actual time=0.003..262.351 rows=5000000 loops=1)',), ('        Buffers: shared hit=31856',), ('  ->  Materialize  (cost=55880.74..56054.72 rows=3314 width=4) (actual time=0.000..0.010 rows=500 loops=5000000)',), ('        Buffers: shared hit=31856',), ('        ->  Subquery Scan on f0_0  (cost=55880.74..56038.15 rows=3314 width=4) (actual time=169.948..170.342 rows=500 loops=1)',), ('              Buffers: shared hit=31856',), ('              ->  Finalize HashAggregate  (cost=55880.74..56005.01 rows=3314 width=20) (actual time=169.946..170.318 rows=500 loops=1)',), ('                    Group Key: f0_0_2.group_number',), ('                    Filter: (min(f0_0_2.min_value) <= 500)',), ('                    Batches: 1  Memory Usage: 1425kB',), ('                    Rows Removed by Filter: 9500',), ('                    Buffers: shared hit=31856',), ('                    ->  Gather  (cost=51605.68..55681.90 rows=39768 width=12) (actual time=167.953..168.557 rows=12186 loops=1)',), ('                          Workers Planned: 4',), ('                          Workers Launched: 4',), ('                          Buffers: shared hit=31856',), ('                          ->  Partial HashAggregate  (cost=50605.68..50705.10 rows=9942 width=12) (actual time=157.874..158.048 rows=2437 loops=5)',), ('                                Group Key: f0_0_2.group_number',), ('                                Batches: 1  Memory Usage: 529kB',), ('                                Buffers: shared hit=31856',), ('                                Worker 0:  Batches: 1  Memory Usage: 657kB',), ('                                Worker 1:  Batches: 1  Memory Usage: 657kB',), ('                                Worker 2:  Batches: 1  Memory Usage: 657kB',), ('                                Worker 3:  Batches: 1  Memory Usage: 657kB',), ('                                ->  Parallel Seq Scan on data_table_5_000_000 f0_0_2  (cost=0.00..44355.79 rows=1249978 width=12) (actual time=0.003..37.440 rows=1000000 loops=5)',), ('                                      Buffers: shared hit=31856',), ('Planning:',), ('  Buffers: shared hit=39',), ('Planning Time: 0.206 ms',), ('JIT:',), ('  Functions: 47',), ('  Options: Inlining true, Optimization true, Expressions true, Deforming true',), ('  Timing: Generation 1.149 ms, Inlining 137.472 ms, Optimization 90.432 ms, Emission 68.883 ms, Total 297.936 ms',), ('Execution Time: 106113.741 ms',)]
ON INDEX:  1
5_000_000/predicate_post/gprom_join.sql
SKIP VALIDATION:  True
analyze result  reinit_state 
--------------
            0
(1 row)

 reinit_state 
--------------
            0
(1 row)

[('Nested Loop  (cost=55880.74..248683626.52 rows=1666638 width=4) (actual time=170.361..105513.103 rows=250000 loops=1)',), ('  Join Filter: (NOT (f0_0."GROUP_0" IS DISTINCT FROM f0_0_1.group_number))',), ('  Rows Removed by Join Filter: 2499750000',), ('  Buffers: shared hit=63712',), ('  ->  Seq Scan on data_table_5_000_000 f0_0_1  (cost=0.00..81855.14 rows=4999914 width=8) (actual time=0.005..268.271 rows=5000000 loops=1)',), ('        Buffers: shared hit=31856',), ('  ->  Materialize  (cost=55880.74..56054.72 rows=3314 width=4) (actual time=0.000..0.010 rows=500 loops=5000000)',), ('        Buffers: shared hit=31856',), ('        ->  Subquery Scan on f0_0  (cost=55880.74..56038.15 rows=3314 width=4) (actual time=170.047..170.477 rows=500 loops=1)',), ('              Buffers: shared hit=31856',), ('              ->  Finalize HashAggregate  (cost=55880.74..56005.01 rows=3314 width=20) (actual time=170.045..170.453 rows=500 loops=1)',), ('                    Group Key: f0_0_2.group_number',), ('                    Filter: (min(f0_0_2.min_value) <= 500)',), ('                    Batches: 1  Memory Usage: 1425kB',), ('                    Rows Removed by Filter: 9500',), ('                    Buffers: shared hit=31856',), ('                    ->  Gather  (cost=51605.68..55681.90 rows=39768 width=12) (actual time=168.121..168.766 rows=12186 loops=1)',), ('                          Workers Planned: 4',), ('                          Workers Launched: 4',), ('                          Buffers: shared hit=31856',), ('                          ->  Partial HashAggregate  (cost=50605.68..50705.10 rows=9942 width=12) (actual time=158.211..158.386 rows=2437 loops=5)',), ('                                Group Key: f0_0_2.group_number',), ('                                Batches: 1  Memory Usage: 529kB',), ('                                Buffers: shared hit=31856',), ('                                Worker 0:  Batches: 1  Memory Usage: 657kB',), ('                                Worker 1:  Batches: 1  Memory Usage: 657kB',), ('                                Worker 2:  Batches: 1  Memory Usage: 657kB',), ('                                Worker 3:  Batches: 1  Memory Usage: 657kB',), ('                                ->  Parallel Seq Scan on data_table_5_000_000 f0_0_2  (cost=0.00..44355.79 rows=1249978 width=12) (actual time=0.003..37.476 rows=1000000 loops=5)',), ('                                      Buffers: shared hit=31856',), ('Planning:',), ('  Buffers: shared hit=39',), ('Planning Time: 0.250 ms',), ('JIT:',), ('  Functions: 47',), ('  Options: Inlining true, Optimization true, Expressions true, Deforming true',), ('  Timing: Generation 1.193 ms, Inlining 137.748 ms, Optimization 90.512 ms, Emission 69.098 ms, Total 298.551 ms',), ('Execution Time: 105531.549 ms',)]
5_000_000/predicate_post/gprom_join.materialize.sql
SKIP VALIDATION:  True
analyze result [('Nested Loop  (cost=55880.74..248683626.52 rows=1666638 width=4) (actual time=169.881..105471.724 rows=250000 loops=1)',), ('  Join Filter: (NOT (f0_0."GROUP_0" IS DISTINCT FROM f0_0_1.group_number))',), ('  Rows Removed by Join Filter: 2499750000',), ('  Buffers: shared hit=63712',), ('  ->  Seq Scan on data_table_5_000_000 f0_0_1  (cost=0.00..81855.14 rows=4999914 width=8) (actual time=0.003..270.252 rows=5000000 loops=1)',), ('        Buffers: shared hit=31856',), ('  ->  Materialize  (cost=55880.74..56054.72 rows=3314 width=4) (actual time=0.000..0.010 rows=500 loops=5000000)',), ('        Buffers: shared hit=31856',), ('        ->  Subquery Scan on f0_0  (cost=55880.74..56038.15 rows=3314 width=4) (actual time=169.565..169.964 rows=500 loops=1)',), ('              Buffers: shared hit=31856',), ('              ->  Finalize HashAggregate  (cost=55880.74..56005.01 rows=3314 width=20) (actual time=169.564..169.940 rows=500 loops=1)',), ('                    Group Key: f0_0_2.group_number',), ('                    Filter: (min(f0_0_2.min_value) <= 500)',), ('                    Batches: 1  Memory Usage: 1425kB',), ('                    Rows Removed by Filter: 9500',), ('                    Buffers: shared hit=31856',), ('                    ->  Gather  (cost=51605.68..55681.90 rows=39768 width=12) (actual time=167.573..168.180 rows=12182 loops=1)',), ('                          Workers Planned: 4',), ('                          Workers Launched: 4',), ('                          Buffers: shared hit=31856',), ('                          ->  Partial HashAggregate  (cost=50605.68..50705.10 rows=9942 width=12) (actual time=157.799..157.974 rows=2436 loops=5)',), ('                                Group Key: f0_0_2.group_number',), ('                                Batches: 1  Memory Usage: 529kB',), ('                                Buffers: shared hit=31856',), ('                                Worker 0:  Batches: 1  Memory Usage: 657kB',), ('                                Worker 1:  Batches: 1  Memory Usage: 657kB',), ('                                Worker 2:  Batches: 1  Memory Usage: 657kB',), ('                                Worker 3:  Batches: 1  Memory Usage: 657kB',), ('                                ->  Parallel Seq Scan on data_table_5_000_000 f0_0_2  (cost=0.00..44355.79 rows=1249978 width=12) (actual time=0.003..37.386 rows=1000000 loops=5)',), ('                                      Buffers: shared hit=31856',), ('Planning:',), ('  Buffers: shared hit=39',), ('Planning Time: 0.204 ms',), ('JIT:',), ('  Functions: 47',), ('  Options: Inlining true, Optimization true, Expressions true, Deforming true',), ('  Timing: Generation 1.108 ms, Inlining 137.153 ms, Optimization 90.414 ms, Emission 68.996 ms, Total 297.671 ms',), ('Execution Time: 105515.074 ms',)]
ON INDEX:  2
5_000_000/predicate_post/gprom_join.sql
SKIP VALIDATION:  True
analyze result [('Nested Loop  (cost=55880.74..248683626.52 rows=1666638 width=4) (actual time=170.818..105587.986 rows=250000 loops=1)',), ('  Join Filter: (NOT (f0_0."GROUP_0" IS DISTINCT FROM f0_0_1.group_number))',), ('  Rows Removed by Join Filter: 2499750000',), ('  Buffers: shared hit=63712',), ('  ->  Seq Scan on data_table_5_000_000 f0_0_1  (cost=0.00..81855.14 rows=4999914 width=8) (actual time=0.008..270.751 rows=5000000 loops=1)',), ('        Buffers: shared hit=31856',), ('  ->  Materialize  (cost=55880.74..56054.72 rows=3314 width=4) (actual time=0.000..0.010 rows=500 loops=5000000)',), ('        Buffers: shared hit=31856',), ('        ->  Subquery Scan on f0_0  (cost=55880.74..56038.15 rows=3314 width=4) (actual time=170.496..170.885 rows=500 loops=1)',), ('              Buffers: shared hit=31856',), ('              ->  Finalize HashAggregate  (cost=55880.74..56005.01 rows=3314 width=20) (actual time=170.494..170.861 rows=500 loops=1)',), ('                    Group Key: f0_0_2.group_number',), ('                    Filter: (min(f0_0_2.min_value) <= 500)',), ('                    Batches: 1  Memory Usage: 1425kB',), ('                    Rows Removed by Filter: 9500',), ('                    Buffers: shared hit=31856',), ('                    ->  Gather  (cost=51605.68..55681.90 rows=39768 width=12) (actual time=168.510..169.108 rows=12183 loops=1)',), ('                          Workers Planned: 4',), ('                          Workers Launched: 4',), ('                          Buffers: shared hit=31856',), ('                          ->  Partial HashAggregate  (cost=50605.68..50705.10 rows=9942 width=12) (actual time=158.189..158.363 rows=2437 loops=5)',), ('                                Group Key: f0_0_2.group_number',), ('                                Batches: 1  Memory Usage: 529kB',), ('                                Buffers: shared hit=31856',), ('                                Worker 0:  Batches: 1  Memory Usage: 657kB',), ('                                Worker 1:  Batches: 1  Memory Usage: 657kB',), ('                                Worker 2:  Batches: 1  Memory Usage: 657kB',), ('                                Worker 3:  Batches: 1  Memory Usage: 657kB',), ('                                ->  Parallel Seq Scan on data_table_5_000_000 f0_0_2  (cost=0.00..44355.79 rows=1249978 width=12) (actual time=0.003..37.568 rows=1000000 loops=5)',), ('                                      Buffers: shared hit=31856',), ('Planning:',), ('  Buffers: shared hit=39',), ('Planning Time: 0.287 ms',), ('JIT:',), ('  Functions: 47',), ('  Options: Inlining true, Optimization true, Expressions true, Deforming true',), ('  Timing: Generation 1.204 ms, Inlining 138.305 ms, Optimization 90.403 ms, Emission 68.788 ms, Total 298.701 ms',), ('Execution Time: 105606.896 ms',)]
5_000_000/predicate_post/gprom_join.materialize.sql
SKIP VALIDATION:  True
analyze result [('Nested Loop  (cost=55880.74..248683626.52 rows=1666638 width=4) (actual time=169.815..105654.139 rows=250000 loops=1)',), ('  Join Filter: (NOT (f0_0."GROUP_0" IS DISTINCT FROM f0_0_1.group_number))',), ('  Rows Removed by Join Filter: 2499750000',), ('  Buffers: shared hit=63712',), ('  ->  Seq Scan on data_table_5_000_000 f0_0_1  (cost=0.00..81855.14 rows=4999914 width=8) (actual time=0.003..267.397 rows=5000000 loops=1)',), ('        Buffers: shared hit=31856',), ('  ->  Materialize  (cost=55880.74..56054.72 rows=3314 width=4) (actual time=0.000..0.010 rows=500 loops=5000000)',), ('        Buffers: shared hit=31856',), ('        ->  Subquery Scan on f0_0  (cost=55880.74..56038.15 rows=3314 width=4) (actual time=169.503..169.917 rows=500 loops=1)',), ('              Buffers: shared hit=31856',), ('              ->  Finalize HashAggregate  (cost=55880.74..56005.01 rows=3314 width=20) (actual time=169.502..169.894 rows=500 loops=1)',), ('                    Group Key: f0_0_2.group_number',), ('                    Filter: (min(f0_0_2.min_value) <= 500)',), ('                    Batches: 1  Memory Usage: 1425kB',), ('                    Rows Removed by Filter: 9500',), ('                    Buffers: shared hit=31856',), ('                    ->  Gather  (cost=51605.68..55681.90 rows=39768 width=12) (actual time=167.505..168.134 rows=12179 loops=1)',), ('                          Workers Planned: 4',), ('                          Workers Launched: 4',), ('                          Buffers: shared hit=31856',), ('                          ->  Partial HashAggregate  (cost=50605.68..50705.10 rows=9942 width=12) (actual time=157.660..157.837 rows=2436 loops=5)',), ('                                Group Key: f0_0_2.group_number',), ('                                Batches: 1  Memory Usage: 529kB',), ('                                Buffers: shared hit=31856',), ('                                Worker 0:  Batches: 1  Memory Usage: 657kB',), ('                                Worker 1:  Batches: 1  Memory Usage: 657kB',), ('                                Worker 2:  Batches: 1  Memory Usage: 657kB',), ('                                Worker 3:  Batches: 1  Memory Usage: 657kB',), ('                                ->  Parallel Seq Scan on data_table_5_000_000 f0_0_2  (cost=0.00..44355.79 rows=1249978 width=12) (actual time=0.002..37.301 rows=1000000 loops=5)',), ('                                      Buffers: shared hit=31856',), ('Planning:',), ('  Buffers: shared hit=39',), ('Planning Time: 0.229 ms',), ('JIT:',), ('  Functions: 47',), ('  Options: Inlining true, Optimization true, Expressions true, Deforming true',), ('  Timing: Generation 1.143 ms, Inlining 137.312 ms, Optimization 90.189 ms, Emission 68.720 ms, Total 297.364 ms',), ('Execution Time: 105697.542 ms',)]
ON INDEX:  3
5_000_000/predicate_post/gprom_join.sql
SKIP VALIDATION:  True
analyze result  reinit_state 
--------------
            0
(1 row)

 reinit_state 
--------------
            0
(1 row)

[('Nested Loop  (cost=55880.74..248683626.52 rows=1666638 width=4) (actual time=170.327..105634.533 rows=250000 loops=1)',), ('  Join Filter: (NOT (f0_0."GROUP_0" IS DISTINCT FROM f0_0_1.group_number))',), ('  Rows Removed by Join Filter: 2499750000',), ('  Buffers: shared hit=63712',), ('  ->  Seq Scan on data_table_5_000_000 f0_0_1  (cost=0.00..81855.14 rows=4999914 width=8) (actual time=0.006..267.882 rows=5000000 loops=1)',), ('        Buffers: shared hit=31856',), ('  ->  Materialize  (cost=55880.74..56054.72 rows=3314 width=4) (actual time=0.000..0.010 rows=500 loops=5000000)',), ('        Buffers: shared hit=31856',), ('        ->  Subquery Scan on f0_0  (cost=55880.74..56038.15 rows=3314 width=4) (actual time=170.012..170.430 rows=500 loops=1)',), ('              Buffers: shared hit=31856',), ('              ->  Finalize HashAggregate  (cost=55880.74..56005.01 rows=3314 width=20) (actual time=170.010..170.406 rows=500 loops=1)',), ('                    Group Key: f0_0_2.group_number',), ('                    Filter: (min(f0_0_2.min_value) <= 500)',), ('                    Batches: 1  Memory Usage: 1425kB',), ('                    Rows Removed by Filter: 9500',), ('                    Buffers: shared hit=31856',), ('                    ->  Gather  (cost=51605.68..55681.90 rows=39768 width=12) (actual time=168.077..168.716 rows=12184 loops=1)',), ('                          Workers Planned: 4',), ('                          Workers Launched: 4',), ('                          Buffers: shared hit=31856',), ('                          ->  Partial HashAggregate  (cost=50605.68..50705.10 rows=9942 width=12) (actual time=157.932..158.106 rows=2437 loops=5)',), ('                                Group Key: f0_0_2.group_number',), ('                                Batches: 1  Memory Usage: 529kB',), ('                                Buffers: shared hit=31856',), ('                                Worker 0:  Batches: 1  Memory Usage: 657kB',), ('                                Worker 1:  Batches: 1  Memory Usage: 657kB',), ('                                Worker 2:  Batches: 1  Memory Usage: 657kB',), ('                                Worker 3:  Batches: 1  Memory Usage: 657kB',), ('                                ->  Parallel Seq Scan on data_table_5_000_000 f0_0_2  (cost=0.00..44355.79 rows=1249978 width=12) (actual time=0.003..37.451 rows=1000000 loops=5)',), ('                                      Buffers: shared hit=31856',), ('Planning:',), ('  Buffers: shared hit=39',), ('Planning Time: 0.254 ms',), ('JIT:',), ('  Functions: 47',), ('  Options: Inlining true, Optimization true, Expressions true, Deforming true',), ('  Timing: Generation 1.196 ms, Inlining 137.366 ms, Optimization 90.234 ms, Emission 68.927 ms, Total 297.723 ms',), ('Execution Time: 105652.758 ms',)]
5_000_000/predicate_post/gprom_join.materialize.sql
SKIP VALIDATION:  True
analyze result [('Nested Loop  (cost=55880.74..248683626.52 rows=1666638 width=4) (actual time=169.779..106018.036 rows=250000 loops=1)',), ('  Join Filter: (NOT (f0_0."GROUP_0" IS DISTINCT FROM f0_0_1.group_number))',), ('  Rows Removed by Join Filter: 2499750000',), ('  Buffers: shared hit=63712',), ('  ->  Seq Scan on data_table_5_000_000 f0_0_1  (cost=0.00..81855.14 rows=4999914 width=8) (actual time=0.004..267.559 rows=5000000 loops=1)',), ('        Buffers: shared hit=31856',), ('  ->  Materialize  (cost=55880.74..56054.72 rows=3314 width=4) (actual time=0.000..0.010 rows=500 loops=5000000)',), ('        Buffers: shared hit=31856',), ('        ->  Subquery Scan on f0_0  (cost=55880.74..56038.15 rows=3314 width=4) (actual time=169.459..169.887 rows=500 loops=1)',), ('              Buffers: shared hit=31856',), ('              ->  Finalize HashAggregate  (cost=55880.74..56005.01 rows=3314 width=20) (actual time=169.458..169.863 rows=500 loops=1)',), ('                    Group Key: f0_0_2.group_number',), ('                    Filter: (min(f0_0_2.min_value) <= 500)',), ('                    Batches: 1  Memory Usage: 1425kB',), ('                    Rows Removed by Filter: 9500',), ('                    Buffers: shared hit=31856',), ('                    ->  Gather  (cost=51605.68..55681.90 rows=39768 width=12) (actual time=167.450..168.076 rows=12179 loops=1)',), ('                          Workers Planned: 4',), ('                          Workers Launched: 4',), ('                          Buffers: shared hit=31856',), ('                          ->  Partial HashAggregate  (cost=50605.68..50705.10 rows=9942 width=12) (actual time=157.561..157.737 rows=2436 loops=5)',), ('                                Group Key: f0_0_2.group_number',), ('                                Batches: 1  Memory Usage: 529kB',), ('                                Buffers: shared hit=31856',), ('                                Worker 0:  Batches: 1  Memory Usage: 657kB',), ('                                Worker 1:  Batches: 1  Memory Usage: 657kB',), ('                                Worker 2:  Batches: 1  Memory Usage: 657kB',), ('                                Worker 3:  Batches: 1  Memory Usage: 657kB',), ('                                ->  Parallel Seq Scan on data_table_5_000_000 f0_0_2  (cost=0.00..44355.79 rows=1249978 width=12) (actual time=0.002..37.317 rows=1000000 loops=5)',), ('                                      Buffers: shared hit=31856',), ('Planning:',), ('  Buffers: shared hit=39',), ('Planning Time: 0.206 ms',), ('JIT:',), ('  Functions: 47',), ('  Options: Inlining true, Optimization true, Expressions true, Deforming true',), ('  Timing: Generation 1.141 ms, Inlining 137.046 ms, Optimization 90.102 ms, Emission 68.812 ms, Total 297.102 ms',), ('Execution Time: 106059.168 ms',)]
ON INDEX:  4
5_000_000/predicate_post/gprom_join.sql
SKIP VALIDATION:  True
analyze result [('Nested Loop  (cost=55880.74..248683626.52 rows=1666638 width=4) (actual time=170.693..105707.208 rows=250000 loops=1)',), ('  Join Filter: (NOT (f0_0."GROUP_0" IS DISTINCT FROM f0_0_1.group_number))',), ('  Rows Removed by Join Filter: 2499750000',), ('  Buffers: shared hit=63712',), ('  ->  Seq Scan on data_table_5_000_000 f0_0_1  (cost=0.00..81855.14 rows=4999914 width=8) (actual time=0.010..268.123 rows=5000000 loops=1)',), ('        Buffers: shared hit=31856',), ('  ->  Materialize  (cost=55880.74..56054.72 rows=3314 width=4) (actual time=0.000..0.010 rows=500 loops=5000000)',), ('        Buffers: shared hit=31856',), ('        ->  Subquery Scan on f0_0  (cost=55880.74..56038.15 rows=3314 width=4) (actual time=170.369..170.802 rows=500 loops=1)',), ('              Buffers: shared hit=31856',), ('              ->  Finalize HashAggregate  (cost=55880.74..56005.01 rows=3314 width=20) (actual time=170.368..170.779 rows=500 loops=1)',), ('                    Group Key: f0_0_2.group_number',), ('                    Filter: (min(f0_0_2.min_value) <= 500)',), ('                    Batches: 1  Memory Usage: 1425kB',), ('                    Rows Removed by Filter: 9500',), ('                    Buffers: shared hit=31856',), ('                    ->  Gather  (cost=51605.68..55681.90 rows=39768 width=12) (actual time=168.296..168.968 rows=12182 loops=1)',), ('                          Workers Planned: 4',), ('                          Workers Launched: 4',), ('                          Buffers: shared hit=31856',), ('                          ->  Partial HashAggregate  (cost=50605.68..50705.10 rows=9942 width=12) (actual time=158.054..158.232 rows=2436 loops=5)',), ('                                Group Key: f0_0_2.group_number',), ('                                Batches: 1  Memory Usage: 529kB',), ('                                Buffers: shared hit=31856',), ('                                Worker 0:  Batches: 1  Memory Usage: 657kB',), ('                                Worker 1:  Batches: 1  Memory Usage: 657kB',), ('                                Worker 2:  Batches: 1  Memory Usage: 657kB',), ('                                Worker 3:  Batches: 1  Memory Usage: 657kB',), ('                                ->  Parallel Seq Scan on data_table_5_000_000 f0_0_2  (cost=0.00..44355.79 rows=1249978 width=12) (actual time=0.003..37.540 rows=1000000 loops=5)',), ('                                      Buffers: shared hit=31856',), ('Planning:',), ('  Buffers: shared hit=39',), ('Planning Time: 0.247 ms',), ('JIT:',), ('  Functions: 47',), ('  Options: Inlining true, Optimization true, Expressions true, Deforming true',), ('  Timing: Generation 1.190 ms, Inlining 137.028 ms, Optimization 90.145 ms, Emission 68.583 ms, Total 296.945 ms',), ('Execution Time: 105726.824 ms',)]
5_000_000/predicate_post/gprom_join.materialize.sql
SKIP VALIDATION:  True
analyze result [('Nested Loop  (cost=55880.74..248683626.52 rows=1666638 width=4) (actual time=168.984..1070002.900 rows=250000 loops=1)',), ('  Join Filter: (NOT (f0_0."GROUP_0" IS DISTINCT FROM f0_0_1.group_number))',), ('  Rows Removed by Join Filter: 2499750000',), ('  Buffers: shared hit=63712',), ('  ->  Seq Scan on data_table_5_000_000 f0_0_1  (cost=0.00..81855.14 rows=4999914 width=8) (actual time=0.003..272.520 rows=5000000 loops=1)',), ('        Buffers: shared hit=31856',), ('  ->  Materialize  (cost=55880.74..56054.72 rows=3314 width=4) (actual time=0.000..0.015 rows=500 loops=5000000)',), ('        Buffers: shared hit=31856',), ('        ->  Subquery Scan on f0_0  (cost=55880.74..56038.15 rows=3314 width=4) (actual time=168.676..169.113 rows=500 loops=1)',), ('              Buffers: shared hit=31856',), ('              ->  Finalize HashAggregate  (cost=55880.74..56005.01 rows=3314 width=20) (actual time=168.674..169.090 rows=500 loops=1)',), ('                    Group Key: f0_0_2.group_number',), ('                    Filter: (min(f0_0_2.min_value) <= 500)',), ('                    Batches: 1  Memory Usage: 1425kB',), ('                    Rows Removed by Filter: 9500',), ('                    Buffers: shared hit=31856',), ('                    ->  Gather  (cost=51605.68..55681.90 rows=39768 width=12) (actual time=166.697..167.339 rows=12182 loops=1)',), ('                          Workers Planned: 4',), ('                          Workers Launched: 4',), ('                          Buffers: shared hit=31856',), ('                          ->  Partial HashAggregate  (cost=50605.68..50705.10 rows=9942 width=12) (actual time=156.682..156.857 rows=2436 loops=5)',), ('                                Group Key: f0_0_2.group_number',), ('                                Batches: 1  Memory Usage: 657kB',), ('                                Buffers: shared hit=31856',), ('                                Worker 0:  Batches: 1  Memory Usage: 657kB',), ('                                Worker 1:  Batches: 1  Memory Usage: 657kB',), ('                                Worker 2:  Batches: 1  Memory Usage: 657kB',), ('                                Worker 3:  Batches: 1  Memory Usage: 657kB',), ('                                ->  Parallel Seq Scan on data_table_5_000_000 f0_0_2  (cost=0.00..44355.79 rows=1249978 width=12) (actual time=0.003..37.379 rows=1000000 loops=5)',), ('                                      Buffers: shared hit=31856',), ('Planning:',), ('  Buffers: shared hit=39',), ('Planning Time: 0.209 ms',), ('JIT:',), ('  Functions: 47',), ('  Options: Inlining true, Optimization true, Expressions true, Deforming true',), ('  Timing: Generation 1.117 ms, Inlining 137.258 ms, Optimization 90.253 ms, Emission 68.582 ms, Total 297.209 ms',), ('Execution Time: 1070044.510 ms',)]
ON INDEX:  5
5_000_000/predicate_post/gprom_join.sql
SKIP VALIDATION:  True
analyze result  reinit_state 
--------------
            0
(1 row)

 reinit_state 
--------------
            0
(1 row)

[('Nested Loop  (cost=55880.74..248683626.52 rows=1666638 width=4) (actual time=170.548..1743989.633 rows=250000 loops=1)',), ('  Join Filter: (NOT (f0_0."GROUP_0" IS DISTINCT FROM f0_0_1.group_number))',), ('  Rows Removed by Join Filter: 2499750000',), ('  Buffers: shared hit=63712',), ('  ->  Seq Scan on data_table_5_000_000 f0_0_1  (cost=0.00..81855.14 rows=4999914 width=8) (actual time=0.008..266.859 rows=5000000 loops=1)',), ('        Buffers: shared hit=31856',), ('  ->  Materialize  (cost=55880.74..56054.72 rows=3314 width=4) (actual time=0.000..0.191 rows=500 loops=5000000)',), ('        Buffers: shared hit=31856',), ('        ->  Subquery Scan on f0_0  (cost=55880.74..56038.15 rows=3314 width=4) (actual time=170.226..170.643 rows=500 loops=1)',), ('              Buffers: shared hit=31856',), ('              ->  Finalize HashAggregate  (cost=55880.74..56005.01 rows=3314 width=20) (actual time=170.225..170.620 rows=500 loops=1)',), ('                    Group Key: f0_0_2.group_number',), ('                    Filter: (min(f0_0_2.min_value) <= 500)',), ('                    Batches: 1  Memory Usage: 1425kB',), ('                    Rows Removed by Filter: 9500',), ('                    Buffers: shared hit=31856',), ('                    ->  Gather  (cost=51605.68..55681.90 rows=39768 width=12) (actual time=168.208..168.840 rows=12181 loops=1)',), ('                          Workers Planned: 4',), ('                          Workers Launched: 4',), ('                          Buffers: shared hit=31856',), ('                          ->  Partial HashAggregate  (cost=50605.68..50705.10 rows=9942 width=12) (actual time=157.986..158.163 rows=2436 loops=5)',), ('                                Group Key: f0_0_2.group_number',), ('                                Batches: 1  Memory Usage: 529kB',), ('                                Buffers: shared hit=31856',), ('                                Worker 0:  Batches: 1  Memory Usage: 657kB',), ('                                Worker 1:  Batches: 1  Memory Usage: 657kB',), ('                                Worker 2:  Batches: 1  Memory Usage: 657kB',), ('                                Worker 3:  Batches: 1  Memory Usage: 657kB',), ('                                ->  Parallel Seq Scan on data_table_5_000_000 f0_0_2  (cost=0.00..44355.79 rows=1249978 width=12) (actual time=0.003..37.484 rows=1000000 loops=5)',), ('                                      Buffers: shared hit=31856',), ('Planning:',), ('  Buffers: shared hit=39',), ('Planning Time: 0.239 ms',), ('JIT:',), ('  Functions: 47',), ('  Options: Inlining true, Optimization true, Expressions true, Deforming true',), ('  Timing: Generation 1.202 ms, Inlining 138.132 ms, Optimization 90.254 ms, Emission 69.038 ms, Total 298.627 ms',), ('Execution Time: 1744007.823 ms',)]
5_000_000/predicate_post/gprom_join.materialize.sql
SKIP VALIDATION:  True
analyze result [('Nested Loop  (cost=55880.74..248683626.52 rows=1666638 width=4) (actual time=169.978..105513.016 rows=250000 loops=1)',), ('  Join Filter: (NOT (f0_0."GROUP_0" IS DISTINCT FROM f0_0_1.group_number))',), ('  Rows Removed by Join Filter: 2499750000',), ('  Buffers: shared hit=63712',), ('  ->  Seq Scan on data_table_5_000_000 f0_0_1  (cost=0.00..81855.14 rows=4999914 width=8) (actual time=0.008..275.945 rows=5000000 loops=1)',), ('        Buffers: shared hit=31856',), ('  ->  Materialize  (cost=55880.74..56054.72 rows=3314 width=4) (actual time=0.000..0.010 rows=500 loops=5000000)',), ('        Buffers: shared hit=31856',), ('        ->  Subquery Scan on f0_0  (cost=55880.74..56038.15 rows=3314 width=4) (actual time=169.670..170.115 rows=500 loops=1)',), ('              Buffers: shared hit=31856',), ('              ->  Finalize HashAggregate  (cost=55880.74..56005.01 rows=3314 width=20) (actual time=169.668..170.092 rows=500 loops=1)',), ('                    Group Key: f0_0_2.group_number',), ('                    Filter: (min(f0_0_2.min_value) <= 500)',), ('                    Batches: 1  Memory Usage: 1425kB',), ('                    Rows Removed by Filter: 9500',), ('                    Buffers: shared hit=31856',), ('                    ->  Gather  (cost=51605.68..55681.90 rows=39768 width=12) (actual time=167.733..168.422 rows=12187 loops=1)',), ('                          Workers Planned: 4',), ('                          Workers Launched: 4',), ('                          Buffers: shared hit=31856',), ('                          ->  Partial HashAggregate  (cost=50605.68..50705.10 rows=9942 width=12) (actual time=157.780..157.955 rows=2437 loops=5)',), ('                                Group Key: f0_0_2.group_number',), ('                                Batches: 1  Memory Usage: 529kB',), ('                                Buffers: shared hit=31856',), ('                                Worker 0:  Batches: 1  Memory Usage: 657kB',), ('                                Worker 1:  Batches: 1  Memory Usage: 657kB',), ('                                Worker 2:  Batches: 1  Memory Usage: 657kB',), ('                                Worker 3:  Batches: 1  Memory Usage: 657kB',), ('                                ->  Parallel Seq Scan on data_table_5_000_000 f0_0_2  (cost=0.00..44355.79 rows=1249978 width=12) (actual time=0.003..37.364 rows=1000000 loops=5)',), ('                                      Buffers: shared hit=31856',), ('Planning:',), ('  Buffers: shared hit=39',), ('Planning Time: 0.207 ms',), ('JIT:',), ('  Functions: 47',), ('  Options: Inlining true, Optimization true, Expressions true, Deforming true',), ('  Timing: Generation 1.119 ms, Inlining 138.132 ms, Optimization 90.556 ms, Emission 68.994 ms, Total 298.800 ms',), ('Execution Time: 105555.682 ms',)]
$INLINE-select count(*) from gprom_lineage;
/tmp/traceprov_inline_query.sql
SKIP VALIDATION:  True
ON INDEX:  6
5_000_000/predicate_post/gprom_join.sql
SKIP VALIDATION:  True
analyze result [('Nested Loop  (cost=55880.74..248683626.52 rows=1666638 width=4) (actual time=169.909..111853.333 rows=250000 loops=1)',), ('  Join Filter: (NOT (f0_0."GROUP_0" IS DISTINCT FROM f0_0_1.group_number))',), ('  Rows Removed by Join Filter: 2499750000',), ('  Buffers: shared hit=63712',), ('  ->  Seq Scan on data_table_5_000_000 f0_0_1  (cost=0.00..81855.14 rows=4999914 width=8) (actual time=0.005..260.413 rows=5000000 loops=1)',), ('        Buffers: shared hit=31856',), ('  ->  Materialize  (cost=55880.74..56054.72 rows=3314 width=4) (actual time=0.000..0.010 rows=500 loops=5000000)',), ('        Buffers: shared hit=31856',), ('        ->  Subquery Scan on f0_0  (cost=55880.74..56038.15 rows=3314 width=4) (actual time=169.595..169.996 rows=500 loops=1)',), ('              Buffers: shared hit=31856',), ('              ->  Finalize HashAggregate  (cost=55880.74..56005.01 rows=3314 width=20) (actual time=169.593..169.973 rows=500 loops=1)',), ('                    Group Key: f0_0_2.group_number',), ('                    Filter: (min(f0_0_2.min_value) <= 500)',), ('                    Batches: 1  Memory Usage: 1425kB',), ('                    Rows Removed by Filter: 9500',), ('                    Buffers: shared hit=31856',), ('                    ->  Gather  (cost=51605.68..55681.90 rows=39768 width=12) (actual time=167.618..168.255 rows=12179 loops=1)',), ('                          Workers Planned: 4',), ('                          Workers Launched: 4',), ('                          Buffers: shared hit=31856',), ('                          ->  Partial HashAggregate  (cost=50605.68..50705.10 rows=9942 width=12) (actual time=157.714..157.891 rows=2436 loops=5)',), ('                                Group Key: f0_0_2.group_number',), ('                                Batches: 1  Memory Usage: 529kB',), ('                                Buffers: shared hit=31856',), ('                                Worker 0:  Batches: 1  Memory Usage: 657kB',), ('                                Worker 1:  Batches: 1  Memory Usage: 657kB',), ('                                Worker 2:  Batches: 1  Memory Usage: 657kB',), ('                                Worker 3:  Batches: 1  Memory Usage: 657kB',), ('                                ->  Parallel Seq Scan on data_table_5_000_000 f0_0_2  (cost=0.00..44355.79 rows=1249978 width=12) (actual time=0.003..37.312 rows=1000000 loops=5)',), ('                                      Buffers: shared hit=31856',), ('Planning:',), ('  Buffers: shared hit=39',), ('Planning Time: 0.241 ms',), ('JIT:',), ('  Functions: 47',), ('  Options: Inlining true, Optimization true, Expressions true, Deforming true',), ('  Timing: Generation 1.170 ms, Inlining 137.610 ms, Optimization 90.021 ms, Emission 68.856 ms, Total 297.657 ms',), ('Execution Time: 111872.042 ms',)]
5_000_000/predicate_post/gprom_join.materialize.sql
SKIP VALIDATION:  True
analyze result [('Nested Loop  (cost=55880.74..248683626.52 rows=1666638 width=4) (actual time=178.106..105761.572 rows=250000 loops=1)',), ('  Join Filter: (NOT (f0_0."GROUP_0" IS DISTINCT FROM f0_0_1.group_number))',), ('  Rows Removed by Join Filter: 2499750000',), ('  Buffers: shared hit=63712',), ('  ->  Seq Scan on data_table_5_000_000 f0_0_1  (cost=0.00..81855.14 rows=4999914 width=8) (actual time=0.004..262.612 rows=5000000 loops=1)',), ('        Buffers: shared hit=31856',), ('  ->  Materialize  (cost=55880.74..56054.72 rows=3314 width=4) (actual time=0.000..0.010 rows=500 loops=5000000)',), ('        Buffers: shared hit=31856',), ('        ->  Subquery Scan on f0_0  (cost=55880.74..56038.15 rows=3314 width=4) (actual time=177.778..178.220 rows=500 loops=1)',), ('              Buffers: shared hit=31856',), ('              ->  Finalize HashAggregate  (cost=55880.74..56005.01 rows=3314 width=20) (actual time=177.776..178.196 rows=500 loops=1)',), ('                    Group Key: f0_0_2.group_number',), ('                    Filter: (min(f0_0_2.min_value) <= 500)',), ('                    Batches: 1  Memory Usage: 1425kB',), ('                    Rows Removed by Filter: 9500',), ('                    Buffers: shared hit=31856',), ('                    ->  Gather  (cost=51605.68..55681.90 rows=39768 width=12) (actual time=175.582..176.278 rows=12197 loops=1)',), ('                          Workers Planned: 4',), ('                          Workers Launched: 4',), ('                          Buffers: shared hit=31856',), ('                          ->  Partial HashAggregate  (cost=50605.68..50705.10 rows=9942 width=12) (actual time=164.734..164.920 rows=2439 loops=5)',), ('                                Group Key: f0_0_2.group_number',), ('                                Batches: 1  Memory Usage: 529kB',), ('                                Buffers: shared hit=31856',), ('                                Worker 0:  Batches: 1  Memory Usage: 657kB',), ('                                Worker 1:  Batches: 1  Memory Usage: 657kB',), ('                                Worker 2:  Batches: 1  Memory Usage: 657kB',), ('                                Worker 3:  Batches: 1  Memory Usage: 657kB',), ('                                ->  Parallel Seq Scan on data_table_5_000_000 f0_0_2  (cost=0.00..44355.79 rows=1249978 width=12) (actual time=0.003..39.466 rows=1000000 loops=5)',), ('                                      Buffers: shared hit=31856',), ('Planning:',), ('  Buffers: shared hit=39',), ('Planning Time: 0.206 ms',), ('JIT:',), ('  Functions: 47',), ('  Options: Inlining true, Optimization true, Expressions true, Deforming true',), ('  Timing: Generation 1.169 ms, Inlining 146.686 ms, Optimization 93.408 ms, Emission 71.090 ms, Total 312.353 ms',), ('Execution Time: 105804.777 ms',)]
$INLINE-select count(*) from gprom_lineage;
/tmp/traceprov_inline_query.sql
SKIP VALIDATION:  True
ON INDEX:  7
5_000_000/predicate_post/gprom_join.sql
SKIP VALIDATION:  True
analyze result  reinit_state 
--------------
            0
(1 row)

 reinit_state 
--------------
            0
(1 row)

[('Nested Loop  (cost=55880.74..248683626.52 rows=1666638 width=4) (actual time=169.866..105583.909 rows=250000 loops=1)',), ('  Join Filter: (NOT (f0_0."GROUP_0" IS DISTINCT FROM f0_0_1.group_number))',), ('  Rows Removed by Join Filter: 2499750000',), ('  Buffers: shared hit=63712',), ('  ->  Seq Scan on data_table_5_000_000 f0_0_1  (cost=0.00..81855.14 rows=4999914 width=8) (actual time=0.004..263.654 rows=5000000 loops=1)',), ('        Buffers: shared hit=31856',), ('  ->  Materialize  (cost=55880.74..56054.72 rows=3314 width=4) (actual time=0.000..0.010 rows=500 loops=5000000)',), ('        Buffers: shared hit=31856',), ('        ->  Subquery Scan on f0_0  (cost=55880.74..56038.15 rows=3314 width=4) (actual time=169.557..169.960 rows=500 loops=1)',), ('              Buffers: shared hit=31856',), ('              ->  Finalize HashAggregate  (cost=55880.74..56005.01 rows=3314 width=20) (actual time=169.555..169.936 rows=500 loops=1)',), ('                    Group Key: f0_0_2.group_number',), ('                    Filter: (min(f0_0_2.min_value) <= 500)',), ('                    Batches: 1  Memory Usage: 1425kB',), ('                    Rows Removed by Filter: 9500',), ('                    Buffers: shared hit=31856',), ('                    ->  Gather  (cost=51605.68..55681.90 rows=39768 width=12) (actual time=167.586..168.220 rows=12182 loops=1)',), ('                          Workers Planned: 4',), ('                          Workers Launched: 4',), ('                          Buffers: shared hit=31856',), ('                          ->  Partial HashAggregate  (cost=50605.68..50705.10 rows=9942 width=12) (actual time=157.746..157.921 rows=2436 loops=5)',), ('                                Group Key: f0_0_2.group_number',), ('                                Batches: 1  Memory Usage: 529kB',), ('                                Buffers: shared hit=31856',), ('                                Worker 0:  Batches: 1  Memory Usage: 657kB',), ('                                Worker 1:  Batches: 1  Memory Usage: 657kB',), ('                                Worker 2:  Batches: 1  Memory Usage: 657kB',), ('                                Worker 3:  Batches: 1  Memory Usage: 657kB',), ('                                ->  Parallel Seq Scan on data_table_5_000_000 f0_0_2  (cost=0.00..44355.79 rows=1249978 width=12) (actual time=0.003..37.474 rows=1000000 loops=5)',), ('                                      Buffers: shared hit=31856',), ('Planning:',), ('  Buffers: shared hit=39',), ('Planning Time: 0.211 ms',), ('JIT:',), ('  Functions: 47',), ('  Options: Inlining true, Optimization true, Expressions true, Deforming true',), ('  Timing: Generation 1.155 ms, Inlining 137.597 ms, Optimization 90.491 ms, Emission 68.762 ms, Total 298.006 ms',), ('Execution Time: 105602.001 ms',)]
5_000_000/predicate_post/gprom_join.materialize.sql
SKIP VALIDATION:  True
analyze result [('Nested Loop  (cost=55880.74..248683626.52 rows=1666638 width=4) (actual time=169.856..222208.212 rows=250000 loops=1)',), ('  Join Filter: (NOT (f0_0."GROUP_0" IS DISTINCT FROM f0_0_1.group_number))',), ('  Rows Removed by Join Filter: 2499750000',), ('  Buffers: shared hit=63712',), ('  ->  Seq Scan on data_table_5_000_000 f0_0_1  (cost=0.00..81855.14 rows=4999914 width=8) (actual time=0.003..269.081 rows=5000000 loops=1)',), ('        Buffers: shared hit=31856',), ('  ->  Materialize  (cost=55880.74..56054.72 rows=3314 width=4) (actual time=0.000..0.010 rows=500 loops=5000000)',), ('        Buffers: shared hit=31856',), ('        ->  Subquery Scan on f0_0  (cost=55880.74..56038.15 rows=3314 width=4) (actual time=169.544..169.959 rows=500 loops=1)',), ('              Buffers: shared hit=31856',), ('              ->  Finalize HashAggregate  (cost=55880.74..56005.01 rows=3314 width=20) (actual time=169.542..169.936 rows=500 loops=1)',), ('                    Group Key: f0_0_2.group_number',), ('                    Filter: (min(f0_0_2.min_value) <= 500)',), ('                    Batches: 1  Memory Usage: 1425kB',), ('                    Rows Removed by Filter: 9500',), ('                    Buffers: shared hit=31856',), ('                    ->  Gather  (cost=51605.68..55681.90 rows=39768 width=12) (actual time=167.545..168.173 rows=12177 loops=1)',), ('                          Workers Planned: 4',), ('                          Workers Launched: 4',), ('                          Buffers: shared hit=31856',), ('                          ->  Partial HashAggregate  (cost=50605.68..50705.10 rows=9942 width=12) (actual time=157.570..157.744 rows=2435 loops=5)',), ('                                Group Key: f0_0_2.group_number',), ('                                Batches: 1  Memory Usage: 529kB',), ('                                Buffers: shared hit=31856',), ('                                Worker 0:  Batches: 1  Memory Usage: 657kB',), ('                                Worker 1:  Batches: 1  Memory Usage: 657kB',), ('                                Worker 2:  Batches: 1  Memory Usage: 657kB',), ('                                Worker 3:  Batches: 1  Memory Usage: 657kB',), ('                                ->  Parallel Seq Scan on data_table_5_000_000 f0_0_2  (cost=0.00..44355.79 rows=1249978 width=12) (actual time=0.002..37.396 rows=1000000 loops=5)',), ('                                      Buffers: shared hit=31856',), ('Planning:',), ('  Buffers: shared hit=39',), ('Planning Time: 0.209 ms',), ('JIT:',), ('  Functions: 47',), ('  Options: Inlining true, Optimization true, Expressions true, Deforming true',), ('  Timing: Generation 1.139 ms, Inlining 137.223 ms, Optimization 90.066 ms, Emission 68.583 ms, Total 297.011 ms',), ('Execution Time: 222250.462 ms',)]
$INLINE-select count(*) from gprom_lineage;
/tmp/traceprov_inline_query.sql
SKIP VALIDATION:  True
ON INDEX:  8
5_000_000/predicate_post/gprom_join.sql
SKIP VALIDATION:  True
analyze result [('Nested Loop  (cost=55880.74..248683626.52 rows=1666638 width=4) (actual time=170.366..105583.639 rows=250000 loops=1)',), ('  Join Filter: (NOT (f0_0."GROUP_0" IS DISTINCT FROM f0_0_1.group_number))',), ('  Rows Removed by Join Filter: 2499750000',), ('  Buffers: shared hit=63712',), ('  ->  Seq Scan on data_table_5_000_000 f0_0_1  (cost=0.00..81855.14 rows=4999914 width=8) (actual time=0.004..261.615 rows=5000000 loops=1)',), ('        Buffers: shared hit=31856',), ('  ->  Materialize  (cost=55880.74..56054.72 rows=3314 width=4) (actual time=0.000..0.010 rows=500 loops=5000000)',), ('        Buffers: shared hit=31856',), ('        ->  Subquery Scan on f0_0  (cost=55880.74..56038.15 rows=3314 width=4) (actual time=170.051..170.457 rows=500 loops=1)',), ('              Buffers: shared hit=31856',), ('              ->  Finalize HashAggregate  (cost=55880.74..56005.01 rows=3314 width=20) (actual time=170.050..170.434 rows=500 loops=1)',), ('                    Group Key: f0_0_2.group_number',), ('                    Filter: (min(f0_0_2.min_value) <= 500)',), ('                    Batches: 1  Memory Usage: 1425kB',), ('                    Rows Removed by Filter: 9500',), ('                    Buffers: shared hit=31856',), ('                    ->  Gather  (cost=51605.68..55681.90 rows=39768 width=12) (actual time=168.091..168.716 rows=12180 loops=1)',), ('                          Workers Planned: 4',), ('                          Workers Launched: 4',), ('                          Buffers: shared hit=31856',), ('                          ->  Partial HashAggregate  (cost=50605.68..50705.10 rows=9942 width=12) (actual time=158.174..158.352 rows=2436 loops=5)',), ('                                Group Key: f0_0_2.group_number',), ('                                Batches: 1  Memory Usage: 529kB',), ('                                Buffers: shared hit=31856',), ('                                Worker 0:  Batches: 1  Memory Usage: 657kB',), ('                                Worker 1:  Batches: 1  Memory Usage: 657kB',), ('                                Worker 2:  Batches: 1  Memory Usage: 657kB',), ('                                Worker 3:  Batches: 1  Memory Usage: 657kB',), ('                                ->  Parallel Seq Scan on data_table_5_000_000 f0_0_2  (cost=0.00..44355.79 rows=1249978 width=12) (actual time=0.003..37.610 rows=1000000 loops=5)',), ('                                      Buffers: shared hit=31856',), ('Planning:',), ('  Buffers: shared hit=39',), ('Planning Time: 0.217 ms',), ('JIT:',), ('  Functions: 47',), ('  Options: Inlining true, Optimization true, Expressions true, Deforming true',), ('  Timing: Generation 1.149 ms, Inlining 137.836 ms, Optimization 90.560 ms, Emission 69.408 ms, Total 298.952 ms',), ('Execution Time: 105601.881 ms',)]
5_000_000/predicate_post/gprom_join.materialize.sql
SKIP VALIDATION:  True
analyze result [('Nested Loop  (cost=55880.74..248683626.52 rows=1666638 width=4) (actual time=170.000..105589.761 rows=250000 loops=1)',), ('  Join Filter: (NOT (f0_0."GROUP_0" IS DISTINCT FROM f0_0_1.group_number))',), ('  Rows Removed by Join Filter: 2499750000',), ('  Buffers: shared hit=63712',), ('  ->  Seq Scan on data_table_5_000_000 f0_0_1  (cost=0.00..81855.14 rows=4999914 width=8) (actual time=0.006..266.751 rows=5000000 loops=1)',), ('        Buffers: shared hit=31856',), ('  ->  Materialize  (cost=55880.74..56054.72 rows=3314 width=4) (actual time=0.000..0.010 rows=500 loops=5000000)',), ('        Buffers: shared hit=31856',), ('        ->  Subquery Scan on f0_0  (cost=55880.74..56038.15 rows=3314 width=4) (actual time=169.695..170.113 rows=500 loops=1)',), ('              Buffers: shared hit=31856',), ('              ->  Finalize HashAggregate  (cost=55880.74..56005.01 rows=3314 width=20) (actual time=169.693..170.090 rows=500 loops=1)',), ('                    Group Key: f0_0_2.group_number',), ('                    Filter: (min(f0_0_2.min_value) <= 500)',), ('                    Batches: 1  Memory Usage: 1425kB',), ('                    Rows Removed by Filter: 9500',), ('                    Buffers: shared hit=31856',), ('                    ->  Gather  (cost=51605.68..55681.90 rows=39768 width=12) (actual time=167.770..168.425 rows=12184 loops=1)',), ('                          Workers Planned: 4',), ('                          Workers Launched: 4',), ('                          Buffers: shared hit=31856',), ('                          ->  Partial HashAggregate  (cost=50605.68..50705.10 rows=9942 width=12) (actual time=157.799..157.974 rows=2437 loops=5)',), ('                                Group Key: f0_0_2.group_number',), ('                                Batches: 1  Memory Usage: 529kB',), ('                                Buffers: shared hit=31856',), ('                                Worker 0:  Batches: 1  Memory Usage: 657kB',), ('                                Worker 1:  Batches: 1  Memory Usage: 657kB',), ('                                Worker 2:  Batches: 1  Memory Usage: 657kB',), ('                                Worker 3:  Batches: 1  Memory Usage: 657kB',), ('                                ->  Parallel Seq Scan on data_table_5_000_000 f0_0_2  (cost=0.00..44355.79 rows=1249978 width=12) (actual time=0.004..37.320 rows=1000000 loops=5)',), ('                                      Buffers: shared hit=31856',), ('Planning:',), ('  Buffers: shared hit=39',), ('Planning Time: 0.203 ms',), ('JIT:',), ('  Functions: 47',), ('  Options: Inlining true, Optimization true, Expressions true, Deforming true',), ('  Timing: Generation 1.148 ms, Inlining 137.425 ms, Optimization 90.348 ms, Emission 68.689 ms, Total 297.610 ms',), ('Execution Time: 105632.625 ms',)]
$INLINE-select count(*) from gprom_lineage;
/tmp/traceprov_inline_query.sql
SKIP VALIDATION:  True
ON INDEX:  9
5_000_000/predicate_post/gprom_join.sql
SKIP VALIDATION:  True
analyze result  reinit_state 
--------------
            0
(1 row)

 reinit_state 
--------------
            0
(1 row)

[('Nested Loop  (cost=55880.74..248683626.52 rows=1666638 width=4) (actual time=169.833..105984.329 rows=250000 loops=1)',), ('  Join Filter: (NOT (f0_0."GROUP_0" IS DISTINCT FROM f0_0_1.group_number))',), ('  Rows Removed by Join Filter: 2499750000',), ('  Buffers: shared hit=63712',), ('  ->  Seq Scan on data_table_5_000_000 f0_0_1  (cost=0.00..81855.14 rows=4999914 width=8) (actual time=0.004..257.439 rows=5000000 loops=1)',), ('        Buffers: shared hit=31856',), ('  ->  Materialize  (cost=55880.74..56054.72 rows=3314 width=4) (actual time=0.000..0.010 rows=500 loops=5000000)',), ('        Buffers: shared hit=31856',), ('        ->  Subquery Scan on f0_0  (cost=55880.74..56038.15 rows=3314 width=4) (actual time=169.520..169.927 rows=500 loops=1)',), ('              Buffers: shared hit=31856',), ('              ->  Finalize HashAggregate  (cost=55880.74..56005.01 rows=3314 width=20) (actual time=169.518..169.903 rows=500 loops=1)',), ('                    Group Key: f0_0_2.group_number',), ('                    Filter: (min(f0_0_2.min_value) <= 500)',), ('                    Batches: 1  Memory Usage: 1425kB',), ('                    Rows Removed by Filter: 9500',), ('                    Buffers: shared hit=31856',), ('                    ->  Gather  (cost=51605.68..55681.90 rows=39768 width=12) (actual time=167.531..168.178 rows=12184 loops=1)',), ('                          Workers Planned: 4',), ('                          Workers Launched: 4',), ('                          Buffers: shared hit=31856',), ('                          ->  Partial HashAggregate  (cost=50605.68..50705.10 rows=9942 width=12) (actual time=157.759..157.935 rows=2437 loops=5)',), ('                                Group Key: f0_0_2.group_number',), ('                                Batches: 1  Memory Usage: 529kB',), ('                                Buffers: shared hit=31856',), ('                                Worker 0:  Batches: 1  Memory Usage: 657kB',), ('                                Worker 1:  Batches: 1  Memory Usage: 657kB',), ('                                Worker 2:  Batches: 1  Memory Usage: 657kB',), ('                                Worker 3:  Batches: 1  Memory Usage: 657kB',), ('                                ->  Parallel Seq Scan on data_table_5_000_000 f0_0_2  (cost=0.00..44355.79 rows=1249978 width=12) (actual time=0.003..37.352 rows=1000000 loops=5)',), ('                                      Buffers: shared hit=31856',), ('Planning:',), ('  Buffers: shared hit=39',), ('Planning Time: 0.210 ms',), ('JIT:',), ('  Functions: 47',), ('  Options: Inlining true, Optimization true, Expressions true, Deforming true',), ('  Timing: Generation 1.126 ms, Inlining 137.511 ms, Optimization 90.250 ms, Emission 68.963 ms, Total 297.850 ms',), ('Execution Time: 106002.482 ms',)]
5_000_000/predicate_post/gprom_join.materialize.sql
SKIP VALIDATION:  True
analyze result [('Nested Loop  (cost=55880.74..248683626.52 rows=1666638 width=4) (actual time=169.764..105604.568 rows=250000 loops=1)',), ('  Join Filter: (NOT (f0_0."GROUP_0" IS DISTINCT FROM f0_0_1.group_number))',), ('  Rows Removed by Join Filter: 2499750000',), ('  Buffers: shared hit=63712',), ('  ->  Seq Scan on data_table_5_000_000 f0_0_1  (cost=0.00..81855.14 rows=4999914 width=8) (actual time=0.003..266.389 rows=5000000 loops=1)',), ('        Buffers: shared hit=31856',), ('  ->  Materialize  (cost=55880.74..56054.72 rows=3314 width=4) (actual time=0.000..0.010 rows=500 loops=5000000)',), ('        Buffers: shared hit=31856',), ('        ->  Subquery Scan on f0_0  (cost=55880.74..56038.15 rows=3314 width=4) (actual time=169.463..169.876 rows=500 loops=1)',), ('              Buffers: shared hit=31856',), ('              ->  Finalize HashAggregate  (cost=55880.74..56005.01 rows=3314 width=20) (actual time=169.461..169.853 rows=500 loops=1)',), ('                    Group Key: f0_0_2.group_number',), ('                    Filter: (min(f0_0_2.min_value) <= 500)',), ('                    Batches: 1  Memory Usage: 1425kB',), ('                    Rows Removed by Filter: 9500',), ('                    Buffers: shared hit=31856',), ('                    ->  Gather  (cost=51605.68..55681.90 rows=39768 width=12) (actual time=167.545..168.182 rows=12184 loops=1)',), ('                          Workers Planned: 4',), ('                          Workers Launched: 4',), ('                          Buffers: shared hit=31856',), ('                          ->  Partial HashAggregate  (cost=50605.68..50705.10 rows=9942 width=12) (actual time=157.509..157.686 rows=2437 loops=5)',), ('                                Group Key: f0_0_2.group_number',), ('                                Batches: 1  Memory Usage: 529kB',), ('                                Buffers: shared hit=31856',), ('                                Worker 0:  Batches: 1  Memory Usage: 657kB',), ('                                Worker 1:  Batches: 1  Memory Usage: 657kB',), ('                                Worker 2:  Batches: 1  Memory Usage: 657kB',), ('                                Worker 3:  Batches: 1  Memory Usage: 657kB',), ('                                ->  Parallel Seq Scan on data_table_5_000_000 f0_0_2  (cost=0.00..44355.79 rows=1249978 width=12) (actual time=0.003..37.320 rows=1000000 loops=5)',), ('                                      Buffers: shared hit=31856',), ('Planning:',), ('  Buffers: shared hit=39',), ('Planning Time: 0.207 ms',), ('JIT:',), ('  Functions: 47',), ('  Options: Inlining true, Optimization true, Expressions true, Deforming true',), ('  Timing: Generation 1.132 ms, Inlining 137.061 ms, Optimization 90.323 ms, Emission 68.509 ms, Total 297.025 ms',), ('Execution Time: 105646.817 ms',)]
$INLINE-select count(*) from gprom_lineage;
/tmp/traceprov_inline_query.sql
SKIP VALIDATION:  True
ON INDEX:  10
5_000_000/predicate_post/gprom_join.sql
SKIP VALIDATION:  True
analyze result [('Nested Loop  (cost=55880.74..248683626.52 rows=1666638 width=4) (actual time=169.947..105729.701 rows=250000 loops=1)',), ('  Join Filter: (NOT (f0_0."GROUP_0" IS DISTINCT FROM f0_0_1.group_number))',), ('  Rows Removed by Join Filter: 2499750000',), ('  Buffers: shared hit=63712',), ('  ->  Seq Scan on data_table_5_000_000 f0_0_1  (cost=0.00..81855.14 rows=4999914 width=8) (actual time=0.005..263.491 rows=5000000 loops=1)',), ('        Buffers: shared hit=31856',), ('  ->  Materialize  (cost=55880.74..56054.72 rows=3314 width=4) (actual time=0.000..0.010 rows=500 loops=5000000)',), ('        Buffers: shared hit=31856',), ('        ->  Subquery Scan on f0_0  (cost=55880.74..56038.15 rows=3314 width=4) (actual time=169.635..170.063 rows=500 loops=1)',), ('              Buffers: shared hit=31856',), ('              ->  Finalize HashAggregate  (cost=55880.74..56005.01 rows=3314 width=20) (actual time=169.634..170.040 rows=500 loops=1)',), ('                    Group Key: f0_0_2.group_number',), ('                    Filter: (min(f0_0_2.min_value) <= 500)',), ('                    Batches: 1  Memory Usage: 1425kB',), ('                    Rows Removed by Filter: 9500',), ('                    Buffers: shared hit=31856',), ('                    ->  Gather  (cost=51605.68..55681.90 rows=39768 width=12) (actual time=167.649..168.297 rows=12179 loops=1)',), ('                          Workers Planned: 4',), ('                          Workers Launched: 4',), ('                          Buffers: shared hit=31856',), ('                          ->  Partial HashAggregate  (cost=50605.68..50705.10 rows=9942 width=12) (actual time=157.748..157.923 rows=2436 loops=5)',), ('                                Group Key: f0_0_2.group_number',), ('                                Batches: 1  Memory Usage: 529kB',), ('                                Buffers: shared hit=31856',), ('                                Worker 0:  Batches: 1  Memory Usage: 657kB',), ('                                Worker 1:  Batches: 1  Memory Usage: 657kB',), ('                                Worker 2:  Batches: 1  Memory Usage: 657kB',), ('                                Worker 3:  Batches: 1  Memory Usage: 657kB',), ('                                ->  Parallel Seq Scan on data_table_5_000_000 f0_0_2  (cost=0.00..44355.79 rows=1249978 width=12) (actual time=0.002..37.416 rows=1000000 loops=5)',), ('                                      Buffers: shared hit=31856',), ('Planning:',), ('  Buffers: shared hit=39',), ('Planning Time: 0.223 ms',), ('JIT:',), ('  Functions: 47',), ('  Options: Inlining true, Optimization true, Expressions true, Deforming true',), ('  Timing: Generation 1.155 ms, Inlining 137.533 ms, Optimization 89.811 ms, Emission 68.678 ms, Total 297.177 ms',), ('Execution Time: 105748.360 ms',)]
5_000_000/predicate_post/gprom_join.materialize.sql
SKIP VALIDATION:  True
analyze result [('Nested Loop  (cost=55880.74..248683626.52 rows=1666638 width=4) (actual time=170.016..105491.563 rows=250000 loops=1)',), ('  Join Filter: (NOT (f0_0."GROUP_0" IS DISTINCT FROM f0_0_1.group_number))',), ('  Rows Removed by Join Filter: 2499750000',), ('  Buffers: shared hit=63712',), ('  ->  Seq Scan on data_table_5_000_000 f0_0_1  (cost=0.00..81855.14 rows=4999914 width=8) (actual time=0.008..268.890 rows=5000000 loops=1)',), ('        Buffers: shared hit=31856',), ('  ->  Materialize  (cost=55880.74..56054.72 rows=3314 width=4) (actual time=0.000..0.010 rows=500 loops=5000000)',), ('        Buffers: shared hit=31856',), ('        ->  Subquery Scan on f0_0  (cost=55880.74..56038.15 rows=3314 width=4) (actual time=169.701..170.115 rows=500 loops=1)',), ('              Buffers: shared hit=31856',), ('              ->  Finalize HashAggregate  (cost=55880.74..56005.01 rows=3314 width=20) (actual time=169.700..170.092 rows=500 loops=1)',), ('                    Group Key: f0_0_2.group_number',), ('                    Filter: (min(f0_0_2.min_value) <= 500)',), ('                    Batches: 1  Memory Usage: 1425kB',), ('                    Rows Removed by Filter: 9500',), ('                    Buffers: shared hit=31856',), ('                    ->  Gather  (cost=51605.68..55681.90 rows=39768 width=12) (actual time=167.708..168.351 rows=12182 loops=1)',), ('                          Workers Planned: 4',), ('                          Workers Launched: 4',), ('                          Buffers: shared hit=31856',), ('                          ->  Partial HashAggregate  (cost=50605.68..50705.10 rows=9942 width=12) (actual time=157.745..157.920 rows=2436 loops=5)',), ('                                Group Key: f0_0_2.group_number',), ('                                Batches: 1  Memory Usage: 529kB',), ('                                Buffers: shared hit=31856',), ('                                Worker 0:  Batches: 1  Memory Usage: 657kB',), ('                                Worker 1:  Batches: 1  Memory Usage: 657kB',), ('                                Worker 2:  Batches: 1  Memory Usage: 657kB',), ('                                Worker 3:  Batches: 1  Memory Usage: 657kB',), ('                                ->  Parallel Seq Scan on data_table_5_000_000 f0_0_2  (cost=0.00..44355.79 rows=1249978 width=12) (actual time=0.003..37.318 rows=1000000 loops=5)',), ('                                      Buffers: shared hit=31856',), ('Planning:',), ('  Buffers: shared hit=39',), ('Planning Time: 0.208 ms',), ('JIT:',), ('  Functions: 47',), ('  Options: Inlining true, Optimization true, Expressions true, Deforming true',), ('  Timing: Generation 1.146 ms, Inlining 137.840 ms, Optimization 90.390 ms, Emission 68.666 ms, Total 298.042 ms',), ('Execution Time: 105534.041 ms',)]
$INLINE-select count(*) from gprom_lineage;
/tmp/traceprov_inline_query.sql
SKIP VALIDATION:  True
ON INDEX:  11
5_000_000/predicate_post/gprom_join.sql
SKIP VALIDATION:  True
analyze result  reinit_state 
--------------
            0
(1 row)

 reinit_state 
--------------
            0
(1 row)

[('Nested Loop  (cost=55880.74..248683626.52 rows=1666638 width=4) (actual time=170.084..105534.715 rows=250000 loops=1)',), ('  Join Filter: (NOT (f0_0."GROUP_0" IS DISTINCT FROM f0_0_1.group_number))',), ('  Rows Removed by Join Filter: 2499750000',), ('  Buffers: shared hit=63712',), ('  ->  Seq Scan on data_table_5_000_000 f0_0_1  (cost=0.00..81855.14 rows=4999914 width=8) (actual time=0.004..264.342 rows=5000000 loops=1)',), ('        Buffers: shared hit=31856',), ('  ->  Materialize  (cost=55880.74..56054.72 rows=3314 width=4) (actual time=0.000..0.010 rows=500 loops=5000000)',), ('        Buffers: shared hit=31856',), ('        ->  Subquery Scan on f0_0  (cost=55880.74..56038.15 rows=3314 width=4) (actual time=169.768..170.208 rows=500 loops=1)',), ('              Buffers: shared hit=31856',), ('              ->  Finalize HashAggregate  (cost=55880.74..56005.01 rows=3314 width=20) (actual time=169.767..170.186 rows=500 loops=1)',), ('                    Group Key: f0_0_2.group_number',), ('                    Filter: (min(f0_0_2.min_value) <= 500)',), ('                    Batches: 1  Memory Usage: 1425kB',), ('                    Rows Removed by Filter: 9500',), ('                    Buffers: shared hit=31856',), ('                    ->  Gather  (cost=51605.68..55681.90 rows=39768 width=12) (actual time=167.799..168.457 rows=12183 loops=1)',), ('                          Workers Planned: 4',), ('                          Workers Launched: 4',), ('                          Buffers: shared hit=31856',), ('                          ->  Partial HashAggregate  (cost=50605.68..50705.10 rows=9942 width=12) (actual time=157.875..158.050 rows=2437 loops=5)',), ('                                Group Key: f0_0_2.group_number',), ('                                Batches: 1  Memory Usage: 529kB',), ('                                Buffers: shared hit=31856',), ('                                Worker 0:  Batches: 1  Memory Usage: 657kB',), ('                                Worker 1:  Batches: 1  Memory Usage: 657kB',), ('                                Worker 2:  Batches: 1  Memory Usage: 657kB',), ('                                Worker 3:  Batches: 1  Memory Usage: 657kB',), ('                                ->  Parallel Seq Scan on data_table_5_000_000 f0_0_2  (cost=0.00..44355.79 rows=1249978 width=12) (actual time=0.003..37.296 rows=1000000 loops=5)',), ('                                      Buffers: shared hit=31856',), ('Planning:',), ('  Buffers: shared hit=39',), ('Planning Time: 0.218 ms',), ('JIT:',), ('  Functions: 47',), ('  Options: Inlining true, Optimization true, Expressions true, Deforming true',), ('  Timing: Generation 1.138 ms, Inlining 137.599 ms, Optimization 90.356 ms, Emission 68.592 ms, Total 297.684 ms',), ('Execution Time: 105553.532 ms',)]
5_000_000/predicate_post/gprom_join.materialize.sql
SKIP VALIDATION:  True
analyze result [('Nested Loop  (cost=55880.74..248683626.52 rows=1666638 width=4) (actual time=169.549..105530.449 rows=250000 loops=1)',), ('  Join Filter: (NOT (f0_0."GROUP_0" IS DISTINCT FROM f0_0_1.group_number))',), ('  Rows Removed by Join Filter: 2499750000',), ('  Buffers: shared hit=63712',), ('  ->  Seq Scan on data_table_5_000_000 f0_0_1  (cost=0.00..81855.14 rows=4999914 width=8) (actual time=0.003..265.616 rows=5000000 loops=1)',), ('        Buffers: shared hit=31856',), ('  ->  Materialize  (cost=55880.74..56054.72 rows=3314 width=4) (actual time=0.000..0.010 rows=500 loops=5000000)',), ('        Buffers: shared hit=31856',), ('        ->  Subquery Scan on f0_0  (cost=55880.74..56038.15 rows=3314 width=4) (actual time=169.238..169.662 rows=500 loops=1)',), ('              Buffers: shared hit=31856',), ('              ->  Finalize HashAggregate  (cost=55880.74..56005.01 rows=3314 width=20) (actual time=169.236..169.639 rows=500 loops=1)',), ('                    Group Key: f0_0_2.group_number',), ('                    Filter: (min(f0_0_2.min_value) <= 500)',), ('                    Batches: 1  Memory Usage: 1425kB',), ('                    Rows Removed by Filter: 9500',), ('                    Buffers: shared hit=31856',), ('                    ->  Gather  (cost=51605.68..55681.90 rows=39768 width=12) (actual time=167.238..167.890 rows=12186 loops=1)',), ('                          Workers Planned: 4',), ('                          Workers Launched: 4',), ('                          Buffers: shared hit=31856',), ('                          ->  Partial HashAggregate  (cost=50605.68..50705.10 rows=9942 width=12) (actual time=157.355..157.535 rows=2437 loops=5)',), ('                                Group Key: f0_0_2.group_number',), ('                                Batches: 1  Memory Usage: 529kB',), ('                                Buffers: shared hit=31856',), ('                                Worker 0:  Batches: 1  Memory Usage: 657kB',), ('                                Worker 1:  Batches: 1  Memory Usage: 657kB',), ('                                Worker 2:  Batches: 1  Memory Usage: 657kB',), ('                                Worker 3:  Batches: 1  Memory Usage: 657kB',), ('                                ->  Parallel Seq Scan on data_table_5_000_000 f0_0_2  (cost=0.00..44355.79 rows=1249978 width=12) (actual time=0.003..37.300 rows=1000000 loops=5)',), ('                                      Buffers: shared hit=31856',), ('Planning:',), ('  Buffers: shared hit=39',), ('Planning Time: 0.225 ms',), ('JIT:',), ('  Functions: 47',), ('  Options: Inlining true, Optimization true, Expressions true, Deforming true',), ('  Timing: Generation 1.141 ms, Inlining 137.800 ms, Optimization 89.829 ms, Emission 68.709 ms, Total 297.480 ms',), ('Execution Time: 105573.096 ms',)]
$INLINE-select count(*) from gprom_lineage;
/tmp/traceprov_inline_query.sql
SKIP VALIDATION:  True
ON INDEX:  12
5_000_000/predicate_post/gprom_join.sql
SKIP VALIDATION:  True
analyze result [('Nested Loop  (cost=55880.74..248683626.52 rows=1666638 width=4) (actual time=170.096..106104.734 rows=250000 loops=1)',), ('  Join Filter: (NOT (f0_0."GROUP_0" IS DISTINCT FROM f0_0_1.group_number))',), ('  Rows Removed by Join Filter: 2499750000',), ('  Buffers: shared hit=63712',), ('  ->  Seq Scan on data_table_5_000_000 f0_0_1  (cost=0.00..81855.14 rows=4999914 width=8) (actual time=0.005..256.107 rows=5000000 loops=1)',), ('        Buffers: shared hit=31856',), ('  ->  Materialize  (cost=55880.74..56054.72 rows=3314 width=4) (actual time=0.000..0.010 rows=500 loops=5000000)',), ('        Buffers: shared hit=31856',), ('        ->  Subquery Scan on f0_0  (cost=55880.74..56038.15 rows=3314 width=4) (actual time=169.780..170.208 rows=500 loops=1)',), ('              Buffers: shared hit=31856',), ('              ->  Finalize HashAggregate  (cost=55880.74..56005.01 rows=3314 width=20) (actual time=169.778..170.183 rows=500 loops=1)',), ('                    Group Key: f0_0_2.group_number',), ('                    Filter: (min(f0_0_2.min_value) <= 500)',), ('                    Batches: 1  Memory Usage: 1425kB',), ('                    Rows Removed by Filter: 9500',), ('                    Buffers: shared hit=31856',), ('                    ->  Gather  (cost=51605.68..55681.90 rows=39768 width=12) (actual time=167.779..168.433 rows=12184 loops=1)',), ('                          Workers Planned: 4',), ('                          Workers Launched: 4',), ('                          Buffers: shared hit=31856',), ('                          ->  Partial HashAggregate  (cost=50605.68..50705.10 rows=9942 width=12) (actual time=157.958..158.137 rows=2437 loops=5)',), ('                                Group Key: f0_0_2.group_number',), ('                                Batches: 1  Memory Usage: 529kB',), ('                                Buffers: shared hit=31856',), ('                                Worker 0:  Batches: 1  Memory Usage: 657kB',), ('                                Worker 1:  Batches: 1  Memory Usage: 657kB',), ('                                Worker 2:  Batches: 1  Memory Usage: 657kB',), ('                                Worker 3:  Batches: 1  Memory Usage: 657kB',), ('                                ->  Parallel Seq Scan on data_table_5_000_000 f0_0_2  (cost=0.00..44355.79 rows=1249978 width=12) (actual time=0.003..37.512 rows=1000000 loops=5)',), ('                                      Buffers: shared hit=31856',), ('Planning:',), ('  Buffers: shared hit=39',), ('Planning Time: 0.222 ms',), ('JIT:',), ('  Functions: 47',), ('  Options: Inlining true, Optimization true, Expressions true, Deforming true',), ('  Timing: Generation 1.137 ms, Inlining 137.960 ms, Optimization 90.355 ms, Emission 68.921 ms, Total 298.373 ms',), ('Execution Time: 106123.267 ms',)]
5_000_000/predicate_post/gprom_join.materialize.sql
SKIP VALIDATION:  True
analyze result [('Nested Loop  (cost=55880.74..248683626.52 rows=1666638 width=4) (actual time=169.989..105585.602 rows=250000 loops=1)',), ('  Join Filter: (NOT (f0_0."GROUP_0" IS DISTINCT FROM f0_0_1.group_number))',), ('  Rows Removed by Join Filter: 2499750000',), ('  Buffers: shared hit=63712',), ('  ->  Seq Scan on data_table_5_000_000 f0_0_1  (cost=0.00..81855.14 rows=4999914 width=8) (actual time=0.003..267.116 rows=5000000 loops=1)',), ('        Buffers: shared hit=31856',), ('  ->  Materialize  (cost=55880.74..56054.72 rows=3314 width=4) (actual time=0.000..0.010 rows=500 loops=5000000)',), ('        Buffers: shared hit=31856',), ('        ->  Subquery Scan on f0_0  (cost=55880.74..56038.15 rows=3314 width=4) (actual time=169.682..170.092 rows=500 loops=1)',), ('              Buffers: shared hit=31856',), ('              ->  Finalize HashAggregate  (cost=55880.74..56005.01 rows=3314 width=20) (actual time=169.680..170.069 rows=500 loops=1)',), ('                    Group Key: f0_0_2.group_number',), ('                    Filter: (min(f0_0_2.min_value) <= 500)',), ('                    Batches: 1  Memory Usage: 1425kB',), ('                    Rows Removed by Filter: 9500',), ('                    Buffers: shared hit=31856',), ('                    ->  Gather  (cost=51605.68..55681.90 rows=39768 width=12) (actual time=167.690..168.338 rows=12184 loops=1)',), ('                          Workers Planned: 4',), ('                          Workers Launched: 4',), ('                          Buffers: shared hit=31856',), ('                          ->  Partial HashAggregate  (cost=50605.68..50705.10 rows=9942 width=12) (actual time=157.730..157.906 rows=2437 loops=5)',), ('                                Group Key: f0_0_2.group_number',), ('                                Batches: 1  Memory Usage: 529kB',), ('                                Buffers: shared hit=31856',), ('                                Worker 0:  Batches: 1  Memory Usage: 657kB',), ('                                Worker 1:  Batches: 1  Memory Usage: 657kB',), ('                                Worker 2:  Batches: 1  Memory Usage: 657kB',), ('                                Worker 3:  Batches: 1  Memory Usage: 657kB',), ('                                ->  Parallel Seq Scan on data_table_5_000_000 f0_0_2  (cost=0.00..44355.79 rows=1249978 width=12) (actual time=0.003..37.296 rows=1000000 loops=5)',), ('                                      Buffers: shared hit=31856',), ('Planning:',), ('  Buffers: shared hit=39',), ('Planning Time: 0.207 ms',), ('JIT:',), ('  Functions: 47',), ('  Options: Inlining true, Optimization true, Expressions true, Deforming true',), ('  Timing: Generation 1.122 ms, Inlining 137.439 ms, Optimization 90.310 ms, Emission 68.773 ms, Total 297.644 ms',), ('Execution Time: 105628.338 ms',)]
$INLINE-select count(*) from gprom_lineage;
/tmp/traceprov_inline_query.sql
SKIP VALIDATION:  True
ON INDEX:  13
5_000_000/predicate_post/gprom_join.sql
SKIP VALIDATION:  True
analyze result [('Nested Loop  (cost=55880.74..248683626.52 rows=1666638 width=4) (actual time=169.607..105632.856 rows=250000 loops=1)',), ('  Join Filter: (NOT (f0_0."GROUP_0" IS DISTINCT FROM f0_0_1.group_number))',), ('  Rows Removed by Join Filter: 2499750000',), ('  Buffers: shared hit=63712',), ('  ->  Seq Scan on data_table_5_000_000 f0_0_1  (cost=0.00..81855.14 rows=4999914 width=8) (actual time=0.004..261.045 rows=5000000 loops=1)',), ('        Buffers: shared hit=31856',), ('  ->  Materialize  (cost=55880.74..56054.72 rows=3314 width=4) (actual time=0.000..0.010 rows=500 loops=5000000)',), ('        Buffers: shared hit=31856',), ('        ->  Subquery Scan on f0_0  (cost=55880.74..56038.15 rows=3314 width=4) (actual time=169.293..169.691 rows=500 loops=1)',), ('              Buffers: shared hit=31856',), ('              ->  Finalize HashAggregate  (cost=55880.74..56005.01 rows=3314 width=20) (actual time=169.291..169.667 rows=500 loops=1)',), ('                    Group Key: f0_0_2.group_number',), ('                    Filter: (min(f0_0_2.min_value) <= 500)',), ('                    Batches: 1  Memory Usage: 1425kB',), ('                    Rows Removed by Filter: 9500',), ('                    Buffers: shared hit=31856',), ('                    ->  Gather  (cost=51605.68..55681.90 rows=39768 width=12) (actual time=167.281..167.924 rows=12181 loops=1)',), ('                          Workers Planned: 4',), ('                          Workers Launched: 4',), ('                          Buffers: shared hit=31856',), ('                          ->  Partial HashAggregate  (cost=50605.68..50705.10 rows=9942 width=12) (actual time=157.318..157.494 rows=2436 loops=5)',), ('                                Group Key: f0_0_2.group_number',), ('                                Batches: 1  Memory Usage: 529kB',), ('                                Buffers: shared hit=31856',), ('                                Worker 0:  Batches: 1  Memory Usage: 657kB',), ('                                Worker 1:  Batches: 1  Memory Usage: 657kB',), ('                                Worker 2:  Batches: 1  Memory Usage: 657kB',), ('                                Worker 3:  Batches: 1  Memory Usage: 657kB',), ('                                ->  Parallel Seq Scan on data_table_5_000_000 f0_0_2  (cost=0.00..44355.79 rows=1249978 width=12) (actual time=0.002..37.323 rows=1000000 loops=5)',), ('                                      Buffers: shared hit=31856',), ('Planning:',), ('  Buffers: shared hit=39',), ('Planning Time: 0.215 ms',), ('JIT:',), ('  Functions: 47',), ('  Options: Inlining true, Optimization true, Expressions true, Deforming true',), ('  Timing: Generation 1.149 ms, Inlining 136.804 ms, Optimization 89.998 ms, Emission 68.294 ms, Total 296.245 ms',), ('Execution Time: 105651.037 ms',)]
5_000_000/predicate_post/gprom_join.materialize.sql
SKIP VALIDATION:  True
analyze result [('Nested Loop  (cost=55880.74..248683626.52 rows=1666638 width=4) (actual time=178.278..105612.369 rows=250000 loops=1)',), ('  Join Filter: (NOT (f0_0."GROUP_0" IS DISTINCT FROM f0_0_1.group_number))',), ('  Rows Removed by Join Filter: 2499750000',), ('  Buffers: shared hit=63712',), ('  ->  Seq Scan on data_table_5_000_000 f0_0_1  (cost=0.00..81855.14 rows=4999914 width=8) (actual time=0.005..265.474 rows=5000000 loops=1)',), ('        Buffers: shared hit=31856',), ('  ->  Materialize  (cost=55880.74..56054.72 rows=3314 width=4) (actual time=0.000..0.010 rows=500 loops=5000000)',), ('        Buffers: shared hit=31856',), ('        ->  Subquery Scan on f0_0  (cost=55880.74..56038.15 rows=3314 width=4) (actual time=177.960..178.391 rows=500 loops=1)',), ('              Buffers: shared hit=31856',), ('              ->  Finalize HashAggregate  (cost=55880.74..56005.01 rows=3314 width=20) (actual time=177.958..178.368 rows=500 loops=1)',), ('                    Group Key: f0_0_2.group_number',), ('                    Filter: (min(f0_0_2.min_value) <= 500)',), ('                    Batches: 1  Memory Usage: 1425kB',), ('                    Rows Removed by Filter: 9500',), ('                    Buffers: shared hit=31856',), ('                    ->  Gather  (cost=51605.68..55681.90 rows=39768 width=12) (actual time=175.917..176.552 rows=12197 loops=1)',), ('                          Workers Planned: 4',), ('                          Workers Launched: 4',), ('                          Buffers: shared hit=31856',), ('                          ->  Partial HashAggregate  (cost=50605.68..50705.10 rows=9942 width=12) (actual time=164.395..164.576 rows=2439 loops=5)',), ('                                Group Key: f0_0_2.group_number',), ('                                Batches: 1  Memory Usage: 657kB',), ('                                Buffers: shared hit=31856',), ('                                Worker 0:  Batches: 1  Memory Usage: 657kB',), ('                                Worker 1:  Batches: 1  Memory Usage: 657kB',), ('                                Worker 2:  Batches: 1  Memory Usage: 657kB',), ('                                Worker 3:  Batches: 1  Memory Usage: 657kB',), ('                                ->  Parallel Seq Scan on data_table_5_000_000 f0_0_2  (cost=0.00..44355.79 rows=1249978 width=12) (actual time=0.003..39.297 rows=1000000 loops=5)',), ('                                      Buffers: shared hit=31856',), ('Planning:',), ('  Buffers: shared hit=39',), ('Planning Time: 0.213 ms',), ('JIT:',), ('  Functions: 47',), ('  Options: Inlining true, Optimization true, Expressions true, Deforming true',), ('  Timing: Generation 1.173 ms, Inlining 147.181 ms, Optimization 92.142 ms, Emission 71.624 ms, Total 312.119 ms',), ('Execution Time: 105654.888 ms',)]
$INLINE-select count(*) from gprom_lineage;
/tmp/traceprov_inline_query.sql
SKIP VALIDATION:  True
ON INDEX:  14
5_000_000/predicate_post/gprom_join.sql
SKIP VALIDATION:  True
analyze result [('Nested Loop  (cost=55880.74..248683626.52 rows=1666638 width=4) (actual time=170.054..105552.951 rows=250000 loops=1)',), ('  Join Filter: (NOT (f0_0."GROUP_0" IS DISTINCT FROM f0_0_1.group_number))',), ('  Rows Removed by Join Filter: 2499750000',), ('  Buffers: shared hit=63712',), ('  ->  Seq Scan on data_table_5_000_000 f0_0_1  (cost=0.00..81855.14 rows=4999914 width=8) (actual time=0.005..262.191 rows=5000000 loops=1)',), ('        Buffers: shared hit=31856',), ('  ->  Materialize  (cost=55880.74..56054.72 rows=3314 width=4) (actual time=0.000..0.010 rows=500 loops=5000000)',), ('        Buffers: shared hit=31856',), ('        ->  Subquery Scan on f0_0  (cost=55880.74..56038.15 rows=3314 width=4) (actual time=169.733..170.169 rows=500 loops=1)',), ('              Buffers: shared hit=31856',), ('              ->  Finalize HashAggregate  (cost=55880.74..56005.01 rows=3314 width=20) (actual time=169.732..170.147 rows=500 loops=1)',), ('                    Group Key: f0_0_2.group_number',), ('                    Filter: (min(f0_0_2.min_value) <= 500)',), ('                    Batches: 1  Memory Usage: 1425kB',), ('                    Rows Removed by Filter: 9500',), ('                    Buffers: shared hit=31856',), ('                    ->  Gather  (cost=51605.68..55681.90 rows=39768 width=12) (actual time=167.690..168.335 rows=12184 loops=1)',), ('                          Workers Planned: 4',), ('                          Workers Launched: 4',), ('                          Buffers: shared hit=31856',), ('                          ->  Partial HashAggregate  (cost=50605.68..50705.10 rows=9942 width=12) (actual time=157.882..158.057 rows=2437 loops=5)',), ('                                Group Key: f0_0_2.group_number',), ('                                Batches: 1  Memory Usage: 529kB',), ('                                Buffers: shared hit=31856',), ('                                Worker 0:  Batches: 1  Memory Usage: 657kB',), ('                                Worker 1:  Batches: 1  Memory Usage: 657kB',), ('                                Worker 2:  Batches: 1  Memory Usage: 657kB',), ('                                Worker 3:  Batches: 1  Memory Usage: 657kB',), ('                                ->  Parallel Seq Scan on data_table_5_000_000 f0_0_2  (cost=0.00..44355.79 rows=1249978 width=12) (actual time=0.002..37.329 rows=1000000 loops=5)',), ('                                      Buffers: shared hit=31856',), ('Planning:',), ('  Buffers: shared hit=39',), ('Planning Time: 0.210 ms',), ('JIT:',), ('  Functions: 47',), ('  Options: Inlining true, Optimization true, Expressions true, Deforming true',), ('  Timing: Generation 1.128 ms, Inlining 137.758 ms, Optimization 90.226 ms, Emission 68.975 ms, Total 298.086 ms',), ('Execution Time: 105570.974 ms',)]
5_000_000/predicate_post/gprom_join.materialize.sql
SKIP VALIDATION:  True
analyze result [('Nested Loop  (cost=55880.74..248683626.52 rows=1666638 width=4) (actual time=170.116..105516.430 rows=250000 loops=1)',), ('  Join Filter: (NOT (f0_0."GROUP_0" IS DISTINCT FROM f0_0_1.group_number))',), ('  Rows Removed by Join Filter: 2499750000',), ('  Buffers: shared hit=63712',), ('  ->  Seq Scan on data_table_5_000_000 f0_0_1  (cost=0.00..81855.14 rows=4999914 width=8) (actual time=0.003..271.480 rows=5000000 loops=1)',), ('        Buffers: shared hit=31856',), ('  ->  Materialize  (cost=55880.74..56054.72 rows=3314 width=4) (actual time=0.000..0.010 rows=500 loops=5000000)',), ('        Buffers: shared hit=31856',), ('        ->  Subquery Scan on f0_0  (cost=55880.74..56038.15 rows=3314 width=4) (actual time=169.803..170.247 rows=500 loops=1)',), ('              Buffers: shared hit=31856',), ('              ->  Finalize HashAggregate  (cost=55880.74..56005.01 rows=3314 width=20) (actual time=169.802..170.224 rows=500 loops=1)',), ('                    Group Key: f0_0_2.group_number',), ('                    Filter: (min(f0_0_2.min_value) <= 500)',), ('                    Batches: 1  Memory Usage: 1425kB',), ('                    Rows Removed by Filter: 9500',), ('                    Buffers: shared hit=31856',), ('                    ->  Gather  (cost=51605.68..55681.90 rows=39768 width=12) (actual time=167.822..168.482 rows=12181 loops=1)',), ('                          Workers Planned: 4',), ('                          Workers Launched: 4',), ('                          Buffers: shared hit=31856',), ('                          ->  Partial HashAggregate  (cost=50605.68..50705.10 rows=9942 width=12) (actual time=157.826..158.001 rows=2436 loops=5)',), ('                                Group Key: f0_0_2.group_number',), ('                                Batches: 1  Memory Usage: 529kB',), ('                                Buffers: shared hit=31856',), ('                                Worker 0:  Batches: 1  Memory Usage: 657kB',), ('                                Worker 1:  Batches: 1  Memory Usage: 657kB',), ('                                Worker 2:  Batches: 1  Memory Usage: 657kB',), ('                                Worker 3:  Batches: 1  Memory Usage: 657kB',), ('                                ->  Parallel Seq Scan on data_table_5_000_000 f0_0_2  (cost=0.00..44355.79 rows=1249978 width=12) (actual time=0.003..37.357 rows=1000000 loops=5)',), ('                                      Buffers: shared hit=31856',), ('Planning:',), ('  Buffers: shared hit=39',), ('Planning Time: 0.210 ms',), ('JIT:',), ('  Functions: 47',), ('  Options: Inlining true, Optimization true, Expressions true, Deforming true',), ('  Timing: Generation 1.153 ms, Inlining 137.365 ms, Optimization 90.283 ms, Emission 68.650 ms, Total 297.451 ms',), ('Execution Time: 105558.980 ms',)]
$INLINE-select count(*) from gprom_lineage;
/tmp/traceprov_inline_query.sql
SKIP VALIDATION:  True
{'result': {'5_000_000': {'predicate_post': {'base_selectivity_5.0': {'base': [0.69, 0.69, 0.69, 0.69, 0.69, 0.69, 0.69, 0.69, 0.69, 0.69], 'materialize': [], 'extras': []}, 'gprom_join_selectivity_5.0': {'base': [0.69, 0.69, 0.69, 0.69, 0.69, 0.69, 0.69, 0.69, 0.69, 0.69], 'materialize': [0.69, 0.69, 0.69, 0.69, 0.69, 0.69, 0.69, 0.69, 0.69, 0.69], 'extras': [{'count': {'timing': None, 'captured': [(250000,)]}}, {'count': {'timing': None, 'captured': [(250000,)]}}, {'count': {'timing': None, 'captured': [(250000,)]}}, {'count': {'timing': None, 'captured': [(250000,)]}}, {'count': {'timing': None, 'captured': [(250000,)]}}, {'count': {'timing': None, 'captured': [(250000,)]}}, {'count': {'timing': None, 'captured': [(250000,)]}}, {'count': {'timing': None, 'captured': [(250000,)]}}, {'count': {'timing': None, 'captured': [(250000,)]}}, {'count': {'timing': None, 'captured': [(250000,)]}}]}}}}, 'time_taken': 3176.599227666855, 'db': 'microbench_selectivity_10000', 'stats': {'version': {'version': 'PostgreSQL 16.3 on aarch64-apple-darwin23.5.0, compiled by clang version 16.0.6, 64-bit'}, 'settings': {'allow_in_place_tablespaces': 'off', 'allow_system_table_mods': 'off', 'application_name': '', 'archive_cleanup_command': '', 'archive_command': '(disabled)', 'archive_library': '', 'archive_mode': 'off', 'archive_timeout': '0', 'array_nulls': 'on', 'authentication_timeout': '1min', 'autovacuum': 'on', 'autovacuum_analyze_scale_factor': '0.1', 'autovacuum_analyze_threshold': '50', 'autovacuum_freeze_max_age': '200000000', 'autovacuum_max_workers': '3', 'autovacuum_multixact_freeze_max_age': '400000000', 'autovacuum_naptime': '1min', 'autovacuum_vacuum_cost_delay': '2ms', 'autovacuum_vacuum_cost_limit': '-1', 'autovacuum_vacuum_insert_scale_factor': '0.2', 'autovacuum_vacuum_insert_threshold': '1000', 'autovacuum_vacuum_scale_factor': '0.2', 'autovacuum_vacuum_threshold': '50', 'autovacuum_work_mem': '-1', 'backend_flush_after': '0', 'backslash_quote': 'safe_encoding', 'backtrace_functions': '', 'bgwriter_delay': '200ms', 'bgwriter_flush_after': '0', 'bgwriter_lru_maxpages': '100', 'bgwriter_lru_multiplier': '2', 'block_size': '8192', 'bonjour': 'off', 'bonjour_name': '', 'bytea_output': 'hex', 'check_function_bodies': 'on', 'checkpoint_completion_target': '0.9', 'checkpoint_flush_after': '0', 'checkpoint_timeout': '1d', 'checkpoint_warning': '30s', 'client_connection_check_interval': '0', 'client_encoding': 'SQL_ASCII', 'client_min_messages': 'notice', 'cluster_name': '', 'commit_delay': '0', 'commit_siblings': '5', 'compute_query_id': 'auto', 'config_file': '/Users/uicdbgroup/vinny/pg_data_microbench_selectivity/postgresql.conf', 'constraint_exclusion': 'partition', 'cpu_index_tuple_cost': '0.005', 'cpu_operator_cost': '0.0025', 'cpu_tuple_cost': '0.01', 'createrole_self_grant': '', 'cursor_tuple_fraction': '0.1', 'data_checksums': 'off', 'data_directory': '/Users/uicdbgroup/vinny/pg_data_microbench_selectivity', 'data_directory_mode': '0700', 'data_sync_retry': 'off', 'DateStyle': 'ISO, MDY', 'db_user_namespace': 'off', 'deadlock_timeout': '1s', 'debug_assertions': 'off', 'debug_discard_caches': '0', 'debug_io_direct': '', 'debug_logical_replication_streaming': 'buffered', 'debug_parallel_query': 'off', 'debug_pretty_print': 'on', 'debug_print_parse': 'off', 'debug_print_plan': 'off', 'debug_print_rewritten': 'off', 'default_statistics_target': '100', 'default_table_access_method': 'heap', 'default_tablespace': '', 'default_text_search_config': 'pg_catalog.english', 'default_toast_compression': 'pglz', 'default_transaction_deferrable': 'off', 'default_transaction_isolation': 'read committed', 'default_transaction_read_only': 'off', 'dynamic_library_path': '$libdir', 'dynamic_shared_memory_type': 'posix', 'effective_cache_size': '48GB', 'effective_io_concurrency': '0', 'enable_async_append': 'on', 'enable_bitmapscan': 'on', 'enable_gathermerge': 'on', 'enable_hashagg': 'on', 'enable_hashjoin': 'on', 'enable_incremental_sort': 'on', 'enable_indexonlyscan': 'on', 'enable_indexscan': 'on', 'enable_material': 'on', 'enable_memoize': 'on', 'enable_mergejoin': 'on', 'enable_nestloop': 'on', 'enable_parallel_append': 'on', 'enable_parallel_hash': 'on', 'enable_partition_pruning': 'on', 'enable_partitionwise_aggregate': 'off', 'enable_partitionwise_join': 'off', 'enable_presorted_aggregate': 'on', 'enable_seqscan': 'on', 'enable_sort': 'on', 'enable_tidscan': 'on', 'escape_string_warning': 'on', 'event_source': 'PostgreSQL', 'exit_on_error': 'off', 'external_pid_file': '', 'extra_float_digits': '1', 'from_collapse_limit': '8', 'fsync': 'on', 'full_page_writes': 'on', 'geqo': 'on', 'geqo_effort': '5', 'geqo_generations': '0', 'geqo_pool_size': '0', 'geqo_seed': '0', 'geqo_selection_bias': '2', 'geqo_threshold': '12', 'gin_fuzzy_search_limit': '0', 'gin_pending_list_limit': '4MB', 'gss_accept_delegation': 'off', 'hash_mem_multiplier': '2', 'hba_file': '/Users/uicdbgroup/vinny/pg_data_microbench_selectivity/pg_hba.conf', 'hot_standby': 'on', 'hot_standby_feedback': 'off', 'huge_page_size': '0', 'huge_pages': 'try', 'icu_validation_level': 'warning', 'ident_file': '/Users/uicdbgroup/vinny/pg_data_microbench_selectivity/pg_ident.conf', 'idle_in_transaction_session_timeout': '0', 'idle_session_timeout': '0', 'ignore_checksum_failure': 'off', 'ignore_invalid_pages': 'off', 'ignore_system_indexes': 'off', 'in_hot_standby': 'off', 'integer_datetimes': 'on', 'IntervalStyle': 'postgres', 'jit': 'on', 'jit_above_cost': '100000', 'jit_debugging_support': 'off', 'jit_dump_bitcode': 'off', 'jit_expressions': 'on', 'jit_inline_above_cost': '500000', 'jit_optimize_above_cost': '500000', 'jit_profiling_support': 'off', 'jit_provider': 'llvmjit', 'jit_tuple_deforming': 'on', 'join_collapse_limit': '8', 'krb_caseins_users': 'off', 'krb_server_keyfile': 'FILE:/etc/postgresql/krb5.keytab', 'lc_messages': 'C', 'lc_monetary': 'C', 'lc_numeric': 'C', 'lc_time': 'C', 'listen_addresses': 'localhost', 'lo_compat_privileges': 'off', 'local_preload_libraries': '', 'lock_timeout': '0', 'log_autovacuum_min_duration': '10min', 'log_checkpoints': 'on', 'log_connections': 'off', 'log_destination': 'stderr', 'log_directory': 'log', 'log_disconnections': 'off', 'log_duration': 'off', 'log_error_verbosity': 'default', 'log_executor_stats': 'off', 'log_file_mode': '0600', 'log_filename': 'postgresql-%Y-%m-%d_%H%M%S.log', 'log_hostname': 'off', 'log_line_prefix': '%m [%p] ', 'log_lock_waits': 'off', 'log_min_duration_sample': '-1', 'log_min_duration_statement': '-1', 'log_min_error_statement': 'error', 'log_min_messages': 'warning', 'log_parameter_max_length': '-1', 'log_parameter_max_length_on_error': '0', 'log_parser_stats': 'off', 'log_planner_stats': 'off', 'log_recovery_conflict_waits': 'off', 'log_replication_commands': 'off', 'log_rotation_age': '1d', 'log_rotation_size': '10MB', 'log_startup_progress_interval': '10s', 'log_statement': 'none', 'log_statement_sample_rate': '1', 'log_statement_stats': 'off', 'log_temp_files': '-1', 'log_timezone': 'America/Chicago', 'log_transaction_sample_rate': '0', 'log_truncate_on_rotation': 'off', 'logging_collector': 'off', 'logical_decoding_work_mem': '64MB', 'maintenance_io_concurrency': '0', 'maintenance_work_mem': '64MB', 'max_connections': '100', 'max_files_per_process': '1000', 'max_function_args': '100', 'max_identifier_length': '63', 'max_index_keys': '32', 'max_locks_per_transaction': '64', 'max_logical_replication_workers': '4', 'max_parallel_apply_workers_per_subscription': '2', 'max_parallel_maintenance_workers': '8', 'max_parallel_workers': '8', 'max_parallel_workers_per_gather': '8', 'max_pred_locks_per_page': '2', 'max_pred_locks_per_relation': '-2', 'max_pred_locks_per_transaction': '64', 'max_prepared_transactions': '0', 'max_replication_slots': '10', 'max_slot_wal_keep_size': '-1', 'max_stack_depth': '2MB', 'max_standby_archive_delay': '30s', 'max_standby_streaming_delay': '30s', 'max_sync_workers_per_subscription': '2', 'max_wal_senders': '10', 'max_wal_size': '1GB', 'max_worker_processes': '8', 'min_dynamic_shared_memory': '0', 'min_parallel_index_scan_size': '512kB', 'min_parallel_table_scan_size': '8MB', 'min_wal_size': '80MB', 'old_snapshot_threshold': '-1', 'parallel_leader_participation': 'on', 'parallel_setup_cost': '1000', 'parallel_tuple_cost': '0.1', 'password_encryption': 'scram-sha-256', 'plan_cache_mode': 'auto', 'port': '5460', 'post_auth_delay': '0', 'pre_auth_delay': '0', 'primary_conninfo': '', 'primary_slot_name': '', 'quote_all_identifiers': 'off', 'random_page_cost': '4', 'recovery_end_command': '', 'recovery_init_sync_method': 'fsync', 'recovery_min_apply_delay': '0', 'recovery_prefetch': 'try', 'recovery_target': '', 'recovery_target_action': 'pause', 'recovery_target_inclusive': 'on', 'recovery_target_lsn': '', 'recovery_target_name': '', 'recovery_target_time': '', 'recovery_target_timeline': 'latest', 'recovery_target_xid': '', 'recursive_worktable_factor': '10', 'remove_temp_files_after_crash': 'on', 'reserved_connections': '0', 'restart_after_crash': 'on', 'restore_command': '', 'row_security': 'on', 'scram_iterations': '4096', 'search_path': '"$user", public', 'segment_size': '1GB', 'send_abort_for_crash': 'off', 'send_abort_for_kill': 'off', 'seq_page_cost': '1', 'server_encoding': 'SQL_ASCII', 'server_version': '16.3', 'server_version_num': '160003', 'session_preload_libraries': '', 'session_replication_role': 'origin', 'shared_buffers': '20GB', 'shared_memory_size': '20949MB', 'shared_memory_size_in_huge_pages': '-1', 'shared_memory_type': 'mmap', 'shared_preload_libraries': '', 'ssl': 'off', 'ssl_ca_file': '', 'ssl_cert_file': 'server.crt', 'ssl_ciphers': 'HIGH:MEDIUM:+3DES:!aNULL', 'ssl_crl_dir': '', 'ssl_crl_file': '', 'ssl_dh_params_file': '', 'ssl_ecdh_curve': 'prime256v1', 'ssl_key_file': 'server.key', 'ssl_library': 'OpenSSL', 'ssl_max_protocol_version': '', 'ssl_min_protocol_version': 'TLSv1.2', 'ssl_passphrase_command': '', 'ssl_passphrase_command_supports_reload': 'off', 'ssl_prefer_server_ciphers': 'on', 'standard_conforming_strings': 'on', 'statement_timeout': '0', 'stats_fetch_consistency': 'cache', 'superuser_reserved_connections': '3', 'synchronize_seqscans': 'on', 'synchronous_commit': 'on', 'synchronous_standby_names': '', 'syslog_facility': 'local0', 'syslog_ident': 'postgres', 'syslog_sequence_numbers': 'on', 'syslog_split_messages': 'on', 'tcp_keepalives_count': '8', 'tcp_keepalives_idle': '7200', 'tcp_keepalives_interval': '75', 'tcp_user_timeout': '0', 'temp_buffers': '4GB', 'temp_file_limit': '-1', 'temp_tablespaces': '', 'TimeZone': 'America/Chicago', 'timezone_abbreviations': 'Default', 'trace_notify': 'off', 'trace_recovery_messages': 'log', 'trace_sort': 'off', 'track_activities': 'on', 'track_activity_query_size': '1kB', 'track_commit_timestamp': 'off', 'track_counts': 'on', 'track_functions': 'none', 'track_io_timing': 'off', 'track_wal_io_timing': 'off', 'transaction_deferrable': 'off', 'transaction_isolation': 'read committed', 'transaction_read_only': 'off', 'transform_null_equals': 'off', 'unix_socket_directories': '/tmp', 'unix_socket_group': '', 'unix_socket_permissions': '0777', 'update_process_title': 'on', 'vacuum_buffer_usage_limit': '256kB', 'vacuum_cost_delay': '0', 'vacuum_cost_limit': '200', 'vacuum_cost_page_dirty': '20', 'vacuum_cost_page_hit': '1', 'vacuum_cost_page_miss': '2', 'vacuum_failsafe_age': '1600000000', 'vacuum_freeze_min_age': '50000000', 'vacuum_freeze_table_age': '150000000', 'vacuum_multixact_failsafe_age': '1600000000', 'vacuum_multixact_freeze_min_age': '5000000', 'vacuum_multixact_freeze_table_age': '150000000', 'wal_block_size': '8192', 'wal_buffers': '16MB', 'wal_compression': 'off', 'wal_consistency_checking': '', 'wal_decode_buffer_size': '512kB', 'wal_init_zero': 'on', 'wal_keep_size': '0', 'wal_level': 'replica', 'wal_log_hints': 'off', 'wal_receiver_create_temp_slot': 'off', 'wal_receiver_status_interval': '10s', 'wal_receiver_timeout': '1min', 'wal_recycle': 'on', 'wal_retrieve_retry_interval': '5s', 'wal_segment_size': '16MB', 'wal_sender_timeout': '1min', 'wal_skip_threshold': '2MB', 'wal_sync_method': 'open_datasync', 'wal_writer_delay': '200ms', 'wal_writer_flush_after': '1MB', 'work_mem': '2GB', 'xmlbinary': 'base64', 'xmloption': 'content', 'zero_damaged_pages': 'off'}, 'stat_views': {'pg_stat_database_conflicts': [{'datid': 5, 'datname': 'postgres', 'confl_tablespace': 0, 'confl_lock': 0, 'confl_snapshot': 0, 'confl_bufferpin': 0, 'confl_deadlock': 0, 'confl_active_logicalslot': 0}, {'datid': 1, 'datname': 'template1', 'confl_tablespace': 0, 'confl_lock': 0, 'confl_snapshot': 0, 'confl_bufferpin': 0, 'confl_deadlock': 0, 'confl_active_logicalslot': 0}, {'datid': 4, 'datname': 'template0', 'confl_tablespace': 0, 'confl_lock': 0, 'confl_snapshot': 0, 'confl_bufferpin': 0, 'confl_deadlock': 0, 'confl_active_logicalslot': 0}, {'datid': 16389, 'datname': 'playground', 'confl_tablespace': 0, 'confl_lock': 0, 'confl_snapshot': 0, 'confl_bufferpin': 0, 'confl_deadlock': 0, 'confl_active_logicalslot': 0}, {'datid': 16388, 'datname': 'tpch_01_v01', 'confl_tablespace': 0, 'confl_lock': 0, 'confl_snapshot': 0, 'confl_bufferpin': 0, 'confl_deadlock': 0, 'confl_active_logicalslot': 0}, {'datid': 18818, 'datname': 'microbench_selectivity_1000', 'confl_tablespace': 0, 'confl_lock': 0, 'confl_snapshot': 0, 'confl_bufferpin': 0, 'confl_deadlock': 0, 'confl_active_logicalslot': 0}, {'datid': 19165, 'datname': 'microbench_selectivity_10000', 'confl_tablespace': 0, 'confl_lock': 0, 'confl_snapshot': 0, 'confl_bufferpin': 0, 'confl_deadlock': 0, 'confl_active_logicalslot': 0}], 'pg_statio_user_indexes': [], 'pg_stat_bgwriter': [{'checkpoints_timed': 870, 'checkpoints_req': 27, 'checkpoint_write_time': 6585129.0, 'checkpoint_sync_time': 4528.0, 'buffers_checkpoint': 84509, 'buffers_clean': 14181, 'maxwritten_clean': 0, 'buffers_backend': 4686556, 'buffers_backend_fsync': 0, 'buffers_alloc': 10374585, 'stats_reset': datetime.datetime(2025, 10, 22, 13, 23, 44, 22504, tzinfo=datetime.timezone(datetime.timedelta(days=-1, seconds=68400)))}], 'pg_stat_database': [{'datid': 0, 'datname': None, 'numbackends': 0, 'xact_commit': 0, 'xact_rollback': 0, 'blks_read': 265, 'blks_hit': 2161692, 'tup_returned': 580779, 'tup_fetched': 490264, 'tup_inserted': 11040, 'tup_updated': 6, 'tup_deleted': 9236, 'conflicts': 0, 'temp_files': 0, 'temp_bytes': 0, 'deadlocks': 0, 'checksum_failures': None, 'checksum_last_failure': None, 'blk_read_time': 0.0, 'blk_write_time': 0.0, 'session_time': 0.0, 'active_time': 0.0, 'idle_in_transaction_time': 0.0, 'sessions': 0, 'sessions_abandoned': 0, 'sessions_fatal': 0, 'sessions_killed': 0, 'stats_reset': None}, {'datid': 5, 'datname': 'postgres', 'numbackends': 1, 'xact_commit': 5839, 'xact_rollback': 7, 'blks_read': 869, 'blks_hit': 232089, 'tup_returned': 2453837, 'tup_fetched': 56922, 'tup_inserted': 7, 'tup_updated': 133, 'tup_deleted': 0, 'conflicts': 0, 'temp_files': 0, 'temp_bytes': 0, 'deadlocks': 0, 'checksum_failures': None, 'checksum_last_failure': None, 'blk_read_time': 0.0, 'blk_write_time': 0.0, 'session_time': 29320873.262, 'active_time': 346.354, 'idle_in_transaction_time': 0.0, 'sessions': 51, 'sessions_abandoned': 1, 'sessions_fatal': 0, 'sessions_killed': 0, 'stats_reset': None}, {'datid': 1, 'datname': 'template1', 'numbackends': 0, 'xact_commit': 7486, 'xact_rollback': 0, 'blks_read': 1608, 'blks_hit': 351020, 'tup_returned': 2940111, 'tup_fetched': 85013, 'tup_inserted': 17973, 'tup_updated': 908, 'tup_deleted': 34, 'conflicts': 0, 'temp_files': 0, 'temp_bytes': 0, 'deadlocks': 0, 'checksum_failures': None, 'checksum_last_failure': None, 'blk_read_time': 0.0, 'blk_write_time': 0.0, 'session_time': 345905.077, 'active_time': 274.871, 'idle_in_transaction_time': 0.0, 'sessions': 10, 'sessions_abandoned': 0, 'sessions_fatal': 0, 'sessions_killed': 0, 'stats_reset': None}, {'datid': 4, 'datname': 'template0', 'numbackends': 0, 'xact_commit': 0, 'xact_rollback': 0, 'blks_read': 0, 'blks_hit': 0, 'tup_returned': 0, 'tup_fetched': 0, 'tup_inserted': 0, 'tup_updated': 0, 'tup_deleted': 0, 'conflicts': 0, 'temp_files': 0, 'temp_bytes': 0, 'deadlocks': 0, 'checksum_failures': None, 'checksum_last_failure': None, 'blk_read_time': 0.0, 'blk_write_time': 0.0, 'session_time': 0.0, 'active_time': 0.0, 'idle_in_transaction_time': 0.0, 'sessions': 0, 'sessions_abandoned': 0, 'sessions_fatal': 0, 'sessions_killed': 0, 'stats_reset': None}, {'datid': 16389, 'datname': 'playground', 'numbackends': 0, 'xact_commit': 6482, 'xact_rollback': 49, 'blks_read': 608, 'blks_hit': 252856, 'tup_returned': 2724629, 'tup_fetched': 57715, 'tup_inserted': 462, 'tup_updated': 164, 'tup_deleted': 174, 'conflicts': 0, 'temp_files': 0, 'temp_bytes': 0, 'deadlocks': 0, 'checksum_failures': None, 'checksum_last_failure': None, 'blk_read_time': 0.0, 'blk_write_time': 0.0, 'session_time': 428468.578, 'active_time': 394.545, 'idle_in_transaction_time': 0.0, 'sessions': 2, 'sessions_abandoned': 0, 'sessions_fatal': 0, 'sessions_killed': 0, 'stats_reset': None}, {'datid': 16388, 'datname': 'tpch_01_v01', 'numbackends': 0, 'xact_commit': 21029, 'xact_rollback': 174, 'blks_read': 6705575, 'blks_hit': 495906091, 'tup_returned': 3766936954, 'tup_fetched': 328205344, 'tup_inserted': 21531318, 'tup_updated': 4042, 'tup_deleted': 13581, 'conflicts': 0, 'temp_files': 34, 'temp_bytes': 569305136, 'deadlocks': 0, 'checksum_failures': None, 'checksum_last_failure': None, 'blk_read_time': 0.0, 'blk_write_time': 0.0, 'session_time': 515480.089, 'active_time': 391003.371, 'idle_in_transaction_time': 1952.887, 'sessions': 2703, 'sessions_abandoned': 0, 'sessions_fatal': 0, 'sessions_killed': 0, 'stats_reset': None}, {'datid': 18818, 'datname': 'microbench_selectivity_1000', 'numbackends': 0, 'xact_commit': 7332, 'xact_rollback': 45, 'blks_read': 1622722, 'blks_hit': 27951662, 'tup_returned': 3699165499, 'tup_fetched': 181405, 'tup_inserted': 166451475, 'tup_updated': 676, 'tup_deleted': 684, 'conflicts': 0, 'temp_files': 32, 'temp_bytes': 20840841216, 'deadlocks': 0, 'checksum_failures': None, 'checksum_last_failure': None, 'blk_read_time': 0.0, 'blk_write_time': 0.0, 'session_time': 551895.308, 'active_time': 389218.233, 'idle_in_transaction_time': 229.09, 'sessions': 263, 'sessions_abandoned': 0, 'sessions_fatal': 0, 'sessions_killed': 0, 'stats_reset': None}, {'datid': 19165, 'datname': 'microbench_selectivity_10000', 'numbackends': 1, 'xact_commit': 150631, 'xact_rollback': 1641, 'blks_read': 8432606, 'blks_hit': 2994264378, 'tup_returned': 466390335203, 'tup_fetched': 10596410, 'tup_inserted': 1074653738, 'tup_updated': 30692, 'tup_deleted': 65313, 'conflicts': 0, 'temp_files': 928, 'temp_bytes': 604384395264, 'deadlocks': 0, 'checksum_failures': None, 'checksum_last_failure': None, 'blk_read_time': 0.0, 'blk_write_time': 0.0, 'session_time': 386480048.31, 'active_time': 316246620.271, 'idle_in_transaction_time': 18104.868, 'sessions': 19210, 'sessions_abandoned': 0, 'sessions_fatal': 0, 'sessions_killed': 4, 'stats_reset': None}], 'pg_statio_user_tables': [{'relid': 19166, 'schemaname': 'public', 'relname': 'data_table_100_000_000', 'heap_blks_read': 3665964, 'heap_blks_hit': 1657350789, 'idx_blks_read': None, 'idx_blks_hit': None, 'toast_blks_read': None, 'toast_blks_hit': None, 'tidx_blks_read': None, 'tidx_blks_hit': None}, {'relid': 19170, 'schemaname': 'public', 'relname': 'data_table_10_000_000', 'heap_blks_read': 1246399, 'heap_blks_hit': 221485870, 'idx_blks_read': None, 'idx_blks_hit': None, 'toast_blks_read': None, 'toast_blks_hit': None, 'tidx_blks_read': None, 'tidx_blks_hit': None}, {'relid': 19174, 'schemaname': 'public', 'relname': 'data_table_1_000_000', 'heap_blks_read': 238664, 'heap_blks_hit': 20905793, 'idx_blks_read': None, 'idx_blks_hit': None, 'toast_blks_read': None, 'toast_blks_hit': None, 'tidx_blks_read': None, 'tidx_blks_hit': None}, {'relid': 19178, 'schemaname': 'public', 'relname': 'data_table_50_000_000', 'heap_blks_read': 2764939, 'heap_blks_hit': 929789041, 'idx_blks_read': None, 'idx_blks_hit': None, 'toast_blks_read': None, 'toast_blks_hit': None, 'tidx_blks_read': None, 'tidx_blks_hit': None}, {'relid': 19182, 'schemaname': 'public', 'relname': 'data_table_5_000_000', 'heap_blks_read': 511259, 'heap_blks_hit': 139313009, 'idx_blks_read': None, 'idx_blks_hit': None, 'toast_blks_read': None, 'toast_blks_hit': None, 'tidx_blks_read': None, 'tidx_blks_hit': None}], 'pg_stat_user_tables': [{'relid': 19166, 'schemaname': 'public', 'relname': 'data_table_100_000_000', 'seq_scan': 14677, 'last_seq_scan': datetime.datetime(2025, 10, 28, 12, 4, 26, 474139, tzinfo=datetime.timezone(datetime.timedelta(days=-1, seconds=68400))), 'seq_tup_read': 260006323222, 'idx_scan': None, 'last_idx_scan': None, 'idx_tup_fetch': None, 'n_tup_ins': 100000000, 'n_tup_upd': 0, 'n_tup_del': 0, 'n_tup_hot_upd': 0, 'n_tup_newpage_upd': 0, 'n_live_tup': 99998565, 'n_dead_tup': 0, 'n_mod_since_analyze': 0, 'n_ins_since_vacuum': 0, 'last_vacuum': None, 'last_autovacuum': datetime.datetime(2025, 10, 22, 22, 47, 16, 705603, tzinfo=datetime.timezone(datetime.timedelta(days=-1, seconds=68400))), 'last_analyze': datetime.datetime(2025, 10, 30, 9, 59, 37, 962001, tzinfo=datetime.timezone(datetime.timedelta(days=-1, seconds=68400))), 'last_autoanalyze': datetime.datetime(2025, 10, 22, 22, 47, 18, 38713, tzinfo=datetime.timezone(datetime.timedelta(days=-1, seconds=68400))), 'vacuum_count': 0, 'autovacuum_count': 1, 'analyze_count': 52, 'autoanalyze_count': 1}, {'relid': 19174, 'schemaname': 'public', 'relname': 'data_table_1_000_000', 'seq_scan': 7524, 'last_seq_scan': datetime.datetime(2025, 10, 26, 12, 6, 52, 334878, tzinfo=datetime.timezone(datetime.timedelta(days=-1, seconds=68400))), 'seq_tup_read': 3254000000, 'idx_scan': None, 'last_idx_scan': None, 'idx_tup_fetch': None, 'n_tup_ins': 1000000, 'n_tup_upd': 0, 'n_tup_del': 0, 'n_tup_hot_upd': 0, 'n_tup_newpage_upd': 0, 'n_live_tup': 1000000, 'n_dead_tup': 0, 'n_mod_since_analyze': 0, 'n_ins_since_vacuum': 0, 'last_vacuum': None, 'last_autovacuum': datetime.datetime(2025, 10, 22, 22, 43, 19, 978009, tzinfo=datetime.timezone(datetime.timedelta(days=-1, seconds=68400))), 'last_analyze': datetime.datetime(2025, 10, 30, 9, 59, 38, 97353, tzinfo=datetime.timezone(datetime.timedelta(days=-1, seconds=68400))), 'last_autoanalyze': datetime.datetime(2025, 10, 22, 22, 43, 20, 413076, tzinfo=datetime.timezone(datetime.timedelta(days=-1, seconds=68400))), 'vacuum_count': 0, 'autovacuum_count': 1, 'analyze_count': 52, 'autoanalyze_count': 1}, {'relid': 19170, 'schemaname': 'public', 'relname': 'data_table_10_000_000', 'seq_scan': 12634, 'last_seq_scan': datetime.datetime(2025, 10, 28, 13, 27, 47, 65901, tzinfo=datetime.timezone(datetime.timedelta(days=-1, seconds=68400))), 'seq_tup_read': 34649973547, 'idx_scan': None, 'last_idx_scan': None, 'idx_tup_fetch': None, 'n_tup_ins': 10000000, 'n_tup_upd': 0, 'n_tup_del': 0, 'n_tup_hot_upd': 0, 'n_tup_newpage_upd': 0, 'n_live_tup': 9999960, 'n_dead_tup': 0, 'n_mod_since_analyze': 0, 'n_ins_since_vacuum': 0, 'last_vacuum': None, 'last_autovacuum': datetime.datetime(2025, 10, 22, 22, 43, 13, 974151, tzinfo=datetime.timezone(datetime.timedelta(days=-1, seconds=68400))), 'last_analyze': datetime.datetime(2025, 10, 30, 9, 59, 38, 64906, tzinfo=datetime.timezone(datetime.timedelta(days=-1, seconds=68400))), 'last_autoanalyze': datetime.datetime(2025, 10, 22, 22, 43, 16, 33845, tzinfo=datetime.timezone(datetime.timedelta(days=-1, seconds=68400))), 'vacuum_count': 0, 'autovacuum_count': 1, 'analyze_count': 52, 'autoanalyze_count': 1}, {'relid': 19182, 'schemaname': 'public', 'relname': 'data_table_5_000_000', 'seq_scan': 15332, 'last_seq_scan': datetime.datetime(2025, 10, 30, 11, 37, 57, 544516, tzinfo=datetime.timezone(datetime.timedelta(days=-1, seconds=68400))), 'seq_tup_read': 21671251255, 'idx_scan': None, 'last_idx_scan': None, 'idx_tup_fetch': None, 'n_tup_ins': 5000000, 'n_tup_upd': 0, 'n_tup_del': 0, 'n_tup_hot_upd': 0, 'n_tup_newpage_upd': 0, 'n_live_tup': 4999914, 'n_dead_tup': 0, 'n_mod_since_analyze': 0, 'n_ins_since_vacuum': 0, 'last_vacuum': None, 'last_autovacuum': datetime.datetime(2025, 10, 22, 22, 44, 1, 705538, tzinfo=datetime.timezone(datetime.timedelta(days=-1, seconds=68400))), 'last_analyze': datetime.datetime(2025, 10, 30, 9, 59, 38, 300951, tzinfo=datetime.timezone(datetime.timedelta(days=-1, seconds=68400))), 'last_autoanalyze': datetime.datetime(2025, 10, 22, 22, 44, 4, 457269, tzinfo=datetime.timezone(datetime.timedelta(days=-1, seconds=68400))), 'vacuum_count': 0, 'autovacuum_count': 1, 'analyze_count': 52, 'autoanalyze_count': 1}, {'relid': 19178, 'schemaname': 'public', 'relname': 'data_table_50_000_000', 'seq_scan': 13374, 'last_seq_scan': datetime.datetime(2025, 10, 29, 19, 41, 25, 729555, tzinfo=datetime.timezone(datetime.timedelta(days=-1, seconds=68400))), 'seq_tup_read': 145887700662, 'idx_scan': None, 'last_idx_scan': None, 'idx_tup_fetch': None, 'n_tup_ins': 50000000, 'n_tup_upd': 0, 'n_tup_del': 0, 'n_tup_hot_upd': 0, 'n_tup_newpage_upd': 0, 'n_live_tup': 50000279, 'n_dead_tup': 0, 'n_mod_since_analyze': 0, 'n_ins_since_vacuum': 0, 'last_vacuum': None, 'last_autovacuum': datetime.datetime(2025, 10, 22, 22, 46, 50, 940637, tzinfo=datetime.timezone(datetime.timedelta(days=-1, seconds=68400))), 'last_analyze': datetime.datetime(2025, 10, 30, 9, 59, 38, 211975, tzinfo=datetime.timezone(datetime.timedelta(days=-1, seconds=68400))), 'last_autoanalyze': datetime.datetime(2025, 10, 22, 22, 46, 53, 87820, tzinfo=datetime.timezone(datetime.timedelta(days=-1, seconds=68400))), 'vacuum_count': 0, 'autovacuum_count': 1, 'analyze_count': 52, 'autoanalyze_count': 1}], 'pg_stat_archiver': [{'archived_count': 0, 'last_archived_wal': None, 'last_archived_time': None, 'failed_count': 0, 'last_failed_wal': None, 'last_failed_time': None, 'stats_reset': datetime.datetime(2025, 10, 22, 13, 23, 44, 22504, tzinfo=datetime.timezone(datetime.timedelta(days=-1, seconds=68400)))}], 'pg_stat_user_indexes': []}}, 'called_benchmark': GenericBenchmark(name='selectivity', call_options=('./', [QueryDirectory(dir_name='5_000_000', queries=[Query(query_name='predicate_post', spec=QuerySpec(key='base_selectivity_5.0', base='base.sql', materialize=None, extras=[], preprocess=[ReplaceSelectivity('500')])), Query(query_name='predicate_post', spec=QuerySpec(key='gprom_join_selectivity_5.0', base='gprom_join.sql', materialize='gprom_join.materialize.sql', extras=[ExtraQuery(label='count', query='$INLINE-select count(*) from gprom_lineage;', runs_after_base=False, runs_after_materialize=True, skip_validation=True, preprocess=[], capture_output=True, strict_run=True)], preprocess=[ReplaceSelectivity('500')]))])], ConnectionParams(host='127.0.0.1', port='5460', user='vinny', password='vinny', database='microbench_selectivity_10000'), RunParams(repeat=10, throwaway=5, timeout=1200, dry_run=False, execution_time=None)), traceprov_path='libtraceprovlocal_test', traceprov_infer_set_path='libtraceprov_inferlocal_test'), 'prefix': 'local_test'}
